23311.98047,#N/A,#N/A,19714.24023
23398.59961,#N/A,#N/A,19764.7793
23331.08984,10688.11035,2524.409912,19784.08008
23329.75,10599.00977,2535.98999,19691.41992
23111.18945,10508.05957,2525.330078,19742.51953
23218.4707,10578.57031,2526.129883,19666.58984
23354.31055,10652.63965,2530.570068,19663.55078
23264.07031,10801.57031,2483.22998,19663.64063
23413.25977,#N/A,2577.72998,19906.41016
23381.50977,10879.08008,2595.860107,19986.82031
23356.99023,10600.44043,2577.090088,19817.63086
23339.75977,10609.63965,2552.76001,19964.0293
23601.7793,10913.29981,2595.439941,20039.03906
23590.91016,10747.74023,2610.899902,20101.82031
23658.99023,10709.92969,2596.899902,19981.57031
23635.09961,10486.99023,2607.459961,20026.60938
23598.90039,10620.87012,2582.75,19923.7793
23580.42969,10926.65039,2571.669922,20103.5293
23671.88086,10824.30957,2651.860107,20103.34961
23655.16992,10866.71973,2675.870117,19990.90039
23822.06055,11113.9502,2688.709961,20005
23729.5293,11138.66016,2686.879883,19894.98047
23721.83984,11191.33984,2743.320068,19781.18945
23685.00977,11260.34961,2748.030029,19751.18945
23148.5293,11046.91992,2771.679932,19659.82031
23256.92969,11463.75,2775.840088,19639.7207
23177,11357.07031,2759.870117,19580.32031
23215.16016,11153.16016,2771.72998,19484.76953
23413.25,11307.28027,#N/A,19497.17969
23444.56055,11173.83008,#N/A,19468.15039
23381.93945,11407.87012,2737.469971,19501.08008
23143.91016,11372.33984,2685.610107,19635.7207
23307.41016,11468.28027,2702.639893,19642.75
22906.66992,11309.12988,2610.550049,19325.35938
22782.43945,11385.94043,2596.600098,19317.00977
22820.08008,11662.51953,2604.959961,19331.68945
22519.68945,11398.80957,2567.590088,19015.14063
22577.00977,11253.96973,2594.679932,19152.41016
23020.26953,11559.36035,2673.330078,18861.53906
22880.2207,11606.37988,2668.840088,18918.51953
22537.81055,11652.29004,2545.719971,18877.96094
22560.5,11683.4502,2622.810059,19143.16992
22777.83984,11932.26953,2650.199951,19252.60938
22771.43945,11968.08008,2619.47998,19413.53906
23091.94922,12283.62012,2606.929932,19683.23047
23090.82031,12349.04981,2592.370117,19646.21094
22890.59961,12314.80957,2555.610107,19564.91992
22556.65039,12239.66016,2527.48999,19362.55078
22619.17969,12381.19043,2534.27002,19570.43945
22533.10938,12560.9502,2539.870117,19427.56055
22083.35938,12220.62988,2502.48999,19293.19922
22041.85938,12468.23047,2525.100098,19008.09961
22256.43945,#N/A,2610.169922,18884.18945
22225.88086,12635.69043,2614.98999,18792.86914
22115.30078,12338.53027,2618.310059,18735.59961
22251.15039,12546.45996,2613.100098,18681.41992
22311.08008,12471.62012,2575.050049,18704.5293
22464.82031,12493.79004,2583.530029,#N/A
22299.63086,12335.95996,2499.300049,18835.76953
22367.82031,12003.42969,2486.389893,19040.94922
22337.49023,12362.2002,2483.550049,18801.64063
21726.90039,12833.63965,#N/A,18450.23047
21718.05078,13192.58984,2472.300049,18437.7793
21870.33984,13192.34961,2489.429932,18226.48047
22034.56055,13288.12988,2485.310059,18414.44922
22101.26953,13549.16016,2477.879883,18542.19922
22089.05078,13485.13965,2462.110107,18242.56055
21772.66992,13275.66016,2436.820068,18357.80078
21672.0293,13221.44043,2459.590088,18744.92969
21569.66992,13382.88965,2458.469971,18731.16016
21512.51953,13220.07031,2464.850098,19016.46094
22013.57031,13316.48047,2533.830078,#N/A
22044.36914,13568.37012,2520.72998,19169.83008
21806.60938,13529.65039,2449.469971,19179.35938
22183.05078,13843.45996,2495.580078,#N/A
22401.24023,13926.08008,2467.879883,19406.84961
22547.71094,13884.12988,2447.310059,19286.7207
22580.76953,#N/A,#N/A,19387.5
22737.00977,13860.86035,#N/A,19504.17969
22668.30078,13694.04004,2449.639893,19735.76953
22689.96094,#N/A,2492.909912,19575.64063
22915.08984,#N/A,2525.97998,19673.64063
23047.08984,14180.24023,2529.939941,19888.94922
23244.34961,14285.69043,2542.800049,19990.17969
23211.48047,14191.48047,2527.790039,19939.03906
23321.2207,14607.54004,2540.840088,20082.61914
22989.81055,14782.20996,2530.77002,19691.66992
22930.2793,14758.41992,2493.340088,19722.28906
23044.24023,15096.03027,2506.929932,20212.96094
23082.67969,15037.24023,2552.709961,20247.33008
23493.0293,15360.80957,2609.610107,20223.98047
23366.36914,15381.01953,2614.850098,20111.60938
23261.08008,15627.25977,2618.030029,20062.24023
22669.67969,14483.98047,2582.850098,19674.33008
22618.66992,14612.4502,2597.22998,19704.33008
22686.05078,14142.65039,2599.590088,20030.76953
22924.25,14311.98047,2644.360107,20160.82031
22554.92969,14326.45996,2642.560059,20147.64063
22484.31055,13589.03027,2634.320068,20215.40039
22392.16016,13774.54004,2606.429932,19760.30078
22282.18945,13261.82031,2602.620117,19610.48047
22285.51953,13533.75977,2565.669922,19545.7793
22069.24023,13014.87012,2560.540039,19568.2207
21838.42969,12904.01953,2527.840088,19519.49023
21575.25977,12877.53027,2484.159912,19429.23047
21615.08984,13514.2002,#N/A,19441.07031
21354.66016,13317.62012,#N/A,19143
20887.03906,12445.37988,2395.300049,18827.16016
20969.14063,12686.51953,2416.77002,19177.92969
21225.90039,13033.12012,2403.840088,19325.86914
21225.88086,13007.28027,2418.75,19223.2793
20986.89063,13245.21973,2400.76001,19245.69922
20382.86914,13014.58008,2321.469971,18719.28906
20263.31055,13230.12988,2317.389893,18774.24023
19813.98047,13062.78027,2171.209961,18540.89063
19855.7207,12969.33984,2165.419922,18629.15039
20338.55078,12834.00977,2168.300049,18552.11914
20440.08008,13213.54981,2160.73999,18875.94922
20803.28906,13677.32031,2200.639893,19395.81055
20658.65039,14098.74023,2221.97998,19463.82031
20147.31055,14055.55957,2203.830078,19177.75977
20468.66992,14018.92969,2221.97998,19410.83984
20854.66992,14309.96973,2226.850098,19495.82031
20582.18945,14109.33984,2163.620117,19324.76953
20683.00977,14472.90039,2162.669922,19439.48047
20904.56055,14416.59961,2224.060059,19294.11914
21437.49023,14472.58008,2326.689941,19676.06055
21277.2793,14506.25,2275.370117,19958.4707
21303.31055,#N/A,2307.300049,20034.48047
21312.38086,14599.12012,2317.850098,19851.23047
21371.86914,14615.04004,2282.840088,19948.73047
21345.2207,14808.5,2245.330078,20128.41016
21362.41992,14589.91016,2190.47998,20149.84961
21416.5,14658.04004,2202.189941,20159.11914
21915.41992,14778.50977,2265.840088,20302.13086
21968.92969,14731.28027,2249.149902,20090.67969
21900.96094,14562.92969,2237.679932,19804.75977
21968.94922,14129.98047,2224.01001,19748.18945
21850.15039,13661.12988,2175.969971,19593.2793
21953.96094,13869.82031,2189.389893,19348.33984
21883.66016,13668.32031,2193.02002,19345.69922
22088.78906,14005.76953,2245.360107,19317.18945
22190.9707,14466.16016,2247.26001,19164.01953
22222.00977,14258.04004,2278.330078,19182.25977
21923.69922,14401.05957,2293.639893,18733.03906
21588.83984,13824.94043,2280.620117,18664.88086
21655.88086,13605.55957,2276.780029,18789.33984
21807.56055,13615.19043,2286.01001,#N/A
22271.2793,13519.42969,2352.790039,18946.98047
22541.13086,13867,2359.070068,19229.83984
22541.13086,14050.16016,2349.080078,19367.58984
22539.25,13752.94043,2321.580078,#N/A
22517.81055,13650.11035,2304.139893,18598.17969
22463.69922,13758.12988,2331.429932,18307.51953
21970.28906,13396.37988,2312.469971,18246.03906
21817.73047,13424.33008,2308.590088,17905.91016
21895.40039,13365.16992,2303.929932,18312.93945
21863.50977,13660.54981,2286.929932,18519.43945
22005.32031,13636.28027,2335.620117,18558.13086
21874.76953,13542.37012,2340.879883,17968.08008
21524.65039,13338.45996,2328.060059,17996.15039
21704.7793,13459.70996,2318.310059,18401.03906
21731.36914,13388.86035,2313.909912,18619.7207
22175.33984,13572.91992,2320.340088,18886.13086
22394.58008,13978.44043,2354.5,18234.66016
22326.2207,14053.87012,2350.699951,18567.55078
22597.9707,14064.82031,2341.73999,18979.75977
22621.2207,13860.80957,2357.780029,19270.06055
22750.65039,14205.23047,2440.610107,#N/A
22976.65039,14423.36035,2474.889893,19997.09961
22937.14063,14425.07031,2482.889893,19997.44922
22953.7207,14387.26953,2507.459961,19781.88086
22915.2793,14404.66992,2488.899902,19732.75977
23252.41016,#N/A,2478.389893,19742.4707
23180.51953,14311.66992,2427.320068,19804.0293
23117.44922,14505.36035,2432.51001,19962.16016
23502.50977,14766.17969,#N/A,20646.64063
23371.53906,#N/A,2472.290039,19900.96094
23179.03906,14732.61035,2443.889893,19920.21094
23209.63086,14620.53027,2429.030029,19856.24023
23125.0293,14799.12012,2384.439941,19893.84961
23207.03906,14760.07031,2394.969971,19727.26953
22859.85938,14455.79981,2409.040039,19379.76953
22984.48047,14170.49023,#N/A,#N/A
23214.40039,14157.25,#N/A,19902.07031
23138.53906,14024.30957,#N/A,19915.94922
22973.94922,13853.32031,#N/A,19895.09961
23178.84961,13894.61035,2441.810059,19983.60938
23033.9707,14037.83984,2453.580078,20249.25977
22951.30078,14194.70996,2429.320068,20272.91016
23218.32031,14404.74023,2468.51001,20528.58984
23336.51953,14441.54004,2467.52002,20547.61914
23228.33008,14467.13965,2421.370117,#N/A
23094.88086,14586.50977,2413.330078,20415.50977
23340.09961,14561.54004,2426.050049,20882.89063
23438.15039,14693.57031,2468.98999,20893.89063
23315.99023,14713.25,2446.379883,20864.9707
22999.94922,14426.04981,2418.360107,20767.88086
22835.82031,14486.41016,2400.51001,20725.42969
22698.33984,14088.19043,2368.560059,20683.51953
22806.58008,14396.04004,2365.949951,20570.2793
22846.53906,14325.98047,2372.050049,20929.00977
23304.01953,14502.34961,2407.469971,21033.9707
23206.36914,14327.94043,2373.719971,21164.51953
23249.78906,14201.57031,2384.959961,21196.81055
23189.61914,#N/A,2380.449951,#N/A
23038.94922,14225.37012,2383.77002,20974.78906
23036.93945,14337.30957,2353.570068,20894.93945
22881.0293,14228.44043,2340.550049,20822.76953
22744.39063,14086.79981,2307.949951,20666.15039
23069.84961,14269.83984,2315.889893,20490.96094
22901.41016,14588.67969,2340,20281.91016
22463.83008,14567.16016,2288.120117,20194.40039
22649.15039,14876.41016,2304.5,20399.41992
23032.15039,15165.91992,2350.72998,#N/A
23660.06055,15164.29981,2428.899902,20850.74023
23657.81055,15126.55957,2412.159912,20890.82031
23700.85938,15076.08008,2424.850098,20635.13086
23580.28906,15365.59961,2409.98999,20229.05078
23696.2793,15381.71973,2397.959961,20217.39063
23684.44922,15619.12988,2388.629883,20605.08008
23681.2793,15515.24023,2387.419922,20425.01953
23806.34961,15449.62988,2414.47998,20420.25977
23789.08984,15727.12012,2439.530029,20534.91016
23881.28906,15661.87012,2438.939941,20791.92969
24038.55078,15655.07031,2418.790039,20898.00977
23910.4707,15749.66016,2442.780029,20854.91992
23728.69922,15407.94043,2475.139893,20708.71094
23712.57031,15177.49023,2468.199951,20957.81055
23743.09961,15299.86035,2452.290039,20996.5293
23811.16992,15650.20996,2450.870117,21326.41992
23744.18945,15611.30957,2453.320068,21255.25977
23338.24023,15515.05957,2412.76001,21171.41016
23218.11914,15341.82031,2410.01001,20925.60938
23245.96094,15403.11035,2406.639893,20715.58008
23114.66016,15152.91016,2367.919922,20659.51953
23069.23047,15278.62988,2356.379883,20612.14063
23143.82031,15587.79981,2357.22998,20859.85938
22888.75,15859.21973,2332.409912,20708.61914
22812.17969,15870.41992,2278.139893,21079.7207
22921.56055,#N/A,2284.600098,21101.0293
23179.55078,15889.33008,2288.25,21032.71094
23243.24023,16178.94043,2303.47998,21193.58008
23244.86914,16291.30957,2299.459961,21143.00977
23306.39063,#N/A,2330.030029,21170.67969
23340.05078,#N/A,2321.97998,20888.33008
22817.2793,#N/A,2290.780029,20851.33008
22684.15039,15908.87988,2238.639893,20787.30078
22712.7793,15814.37012,2238,20693.24023
22996.58984,16121.4502,2241.909912,20729.38086
22787.33008,15880.33008,2222.219971,20713.36914
22846.25,15912.05957,2204.850098,20758.49023
22888.75977,#N/A,2193.679932,21134.21094
22791.2793,15422.40039,2212.850098,21032.88086
22902,15808.73047,2208.939941,21289.49023
22986.41016,15747.2002,2211.840088,21265.17969
23133.34961,15734.45996,2178.48999,21063.61914
22928.94922,15641.67969,2165.98999,21205.05078
23033.11914,15795.95996,2187.409912,21251.11914
23082.25,15820.95996,2243.800049,21337.66992
22733.90039,15695.88965,2231.889893,21373.66016
22450.06055,15391.55957,2245.679932,21133.56055
21976.09961,15005.73047,2215.919922,20707.44922
21960.64063,14980.16016,2219.850098,20683.50977
22141.60938,15383.91016,2227.780029,20647.30078
22035.41992,15007.05957,2202.449951,20498.25
21397.76953,14008.46973,#N/A,20211.92969
21269.38086,14180.37988,#N/A,20261.0293
21423.13086,14155.12012,#N/A,20310.74023
21636.84961,14462.41016,2212.47998,20376.56055
21579.25977,14718.33984,2267.530029,20334.26953
21962.98047,#N/A,2285.560059,20363.36914
22285.78906,14800.05957,2291.25,20448.49023
22165.5293,14534.74023,2279.550049,20193.34961
22298.41016,14313.03027,2295.570068,20366.82031
22535.93945,14393.11035,2311.649902,20464.06055
22587.7207,14843.24023,2282.439941,20634.21094
22664.51953,14766.53027,2308.659912,20722.9707
22394.08008,14449.17969,2287.439941,20536.64063
22568.24023,14865.66992,2264.290039,20700.75
22388.56055,14837.67969,2214.51001,20811.43945
22317.19922,15051.59961,2157.909912,20852.4707
22437.43945,14970.96973,2163.409912,20986.99023
22828.17969,14923.11035,2154.110107,#N/A
22836.96094,14841.07031,2178.969971,21120.11914
22500.66992,14652.23047,2190.370117,20946.65039
22657.63086,14721.48047,2184.27002,21209.73047
22579.7793,14897.62988,2163.97998,21276.85938
22702.9707,15134.75,2173.629883,21513.86914
22660.49023,15274.07031,2168.360107,21919.78906
22264.92969,15120.13965,2097.790039,21934.83008
22269.60938,15224.11035,2108.659912,21826.41992
21901.94922,14830.38965,2114.129883,21856.2207
21756.08008,14815.98047,2140.330078,21774.60938
21539.49023,14327.66016,2122.840088,21809.80078
21473.94922,14277.66992,2143.040039,#N/A
21583.5,14411.26953,2138.129883,21832.60938
21568.68945,14462.51953,2120.870117,21832.85938
21182.16016,14224.23047,2086.969971,21740.08984
21436.69922,#N/A,2158.800049,21753.75
21846.44922,14475.29981,2176.550049,22055.48047
21732.32031,14423.19043,2174.439941,22055.21094
21887.75,14477.16016,2171.050049,22095.30078
21834.44922,14622.88965,2155.709961,22214.36914
22065.5293,14696.03027,2151.969971,22339.9707
22151.06055,14827.83008,2146.300049,22386.26953
22448.53906,14791.99023,2163.110107,22446.43945
22523.93945,14946.32031,2180.72998,22551.49023
22565.08008,15071.87988,2165.01001,22509.07031
22510.08008,15063.76953,2185.469971,22359.5
22377.15039,14808.84961,#N/A,22343.44922
22596.9707,14606.87988,2237.320068,#N/A
22843.16992,14299.69043,2238.620117,22702.33984
23186.96094,14300.12012,2273.76001,22715.33008
23003.64063,13960.04981,2270.669922,22628.96094
23038.80078,13910.16016,2268.610107,#N/A
22671.25977,13996.80957,2229.459961,22484.92969
22696.00977,14417.67969,2232.530029,22277.23047
22760.24023,14417.53027,2224.800049,22628.83984
22730.67969,14388.76953,2196.790039,22758.36914
22509.64063,14546.26953,2194.669922,22876.53906
22562.80078,14404.99023,2190.469971,null
22223.5293,14429.25977,2167.830078,22688.07031
22132.5293,14288.23047,2134.969971,22631.60938
22453.89063,#N/A,2158.469971,22466.18945
22133.9707,14304.11035,2158.659912,22417.80078
22260.66992,14457.50977,#N/A,22403.89063
21976.33008,#N/A,2156.469971,22445.11914
21746.25977,14033.4502,2137.320068,22323.90039
21837.11914,14163.78027,2135.5,22344.03906
21862.99023,14199.58984,2133.909912,22994.23047
22261.60938,14149.51953,2180.050049,23551
22352.38086,14425.44043,2174.850098,23871.23047
22582.76953,14405.75977,2172.370117,23815.11914
22730.85938,14298.20996,2144.080078,23905.59961
22712.91016,14096.58984,2145.949951,24121.74023
22704.5,14006.44043,2115.139893,24363.05078
22834.67969,14075.25,2115.77002,24376.88086
22836.51953,14042.16992,2135.909912,24298.01953
22953.75977,14337.79004,2130.870117,24374.40039
22965.85938,14462.16992,2148.409912,24693.34961
22963.17969,14602.51953,2155.97998,24716.88086
22944.30078,14636.51953,2147.280029,24549.50977
23080.0293,14670.9502,2169.350098,24556.08984
23010.14063,14681.71973,2155.159912,24234.15039
23081.65039,14632.37988,2156.459961,24217.33984
23291.03906,15034.25,2149.919922,24858.58984
23151.71094,15067.95996,2128.27002,24805.83008
23109.66016,15079.37012,2150.600098,25019.50977
22951,15077.24023,2134.719971,25396.46094
23117.4707,15124,2136.290039,25580.21094
23315.74023,14994.79981,2161.27002,25583.68945
23257.28906,15069.48047,2160.77002,25473.89063
23175.01953,14973.53027,2153.409912,25576.21094
23319.16992,15097.83984,2176.23999,25228.16992
23300.66992,14933.29004,2191.850098,25190.48047
23203.58984,14975.96973,2169.669922,25521.18945
23181.7207,15115.79981,2160.23999,25246.25
23167.73047,15361.16016,2126.909912,25201.80078
23194.06055,15349.41992,2136.72998,25105.50977
22804.81055,15369.28027,2134.110107,25031.32031
22880.64063,15376.24023,2144.820068,25368.90039
22866.69922,15266.61035,2133.370117,25313.74023
23197.83008,15308.49023,2149.080078,25062.66992
23221.51953,15095,2150.26001,25099.91992
23190.7207,15162.09961,2165.120117,25413.7793
23549.61914,15369.96973,2170.870117,25841.21094
23531.43945,15348.29004,2180.189941,25823.75
23546.35938,15437.12988,2178.699951,25962.06055
23540.91992,15379.44043,2176.290039,26100.08008
23541.38086,15314.41016,2180.469971,25582.10938
23176.07031,15302.65039,2148.709961,25444.81055
23238.99023,15216.46973,2142.850098,25372.75
23233.44922,15164.04004,2148.01001,25024.34961
23346.66992,15296.82031,2171.76001,25006.98047
23459.96094,15395.16016,2174.97998,25228.65039
23523.2793,15379.29981,2170.870117,25549.7207
23520.86914,15370.25977,2157.070068,25561.16016
23454.78906,15215.70996,2164.139893,25641.56055
23387.14063,#N/A,2166.290039,25715.16992
23782.10938,15343.28027,2192.699951,26025.80078
23971.86914,15328.55957,2197.830078,26147.33008
24141.5,15284.41992,2237.01001,26271.84961
24216.00977,15457.87012,2260.449951,26126.75
24428.63086,15529.40039,2323.899902,25991.23047
24640.5293,15618.07031,2331.370117,#N/A
24732.21094,15646.23047,2322.01001,26087.41992
24756.84961,15620.76953,2350.25,25894.9707
24532.42969,15523.11035,2329.399902,25480.83984
24600.08008,15474.5,2375.620117,25723.16016
24648.25977,15320.30957,2369.350098,25908.00977
24584.13086,15159.79004,2363.219971,25665.26953
24387.56055,15232.37012,2327.459961,25589.00977
24331.41016,14778.37012,2331.129883,25329.14063
24646.01953,15130.51953,2365.350098,25519.24023
24689.41016,15161.30957,2357.050049,25880.76953
24890.33984,15213.62988,2358.899902,25918.94922
24801.35938,15314.57031,2335.949951,26103.23047
24954.93945,15318.33984,2360.639893,#N/A
24955.46094,15322.59961,2374.560059,26390.96094
25122.94922,15449.79004,2374.77002,26420.66992
25159.75977,15454.4502,2366.139893,26314.28906
24994.09961,15586.2002,2354.23999,26360.10938
25112.23047,15539.19043,2365.360107,26419.55078
25166.91016,15613.25,2342.860107,26437.01953
25074.5,15521.21973,2324.090088,26442.81055
24918.75,15534.82031,2327.590088,26560.15039
24741,15459.86035,2311.280029,26638.10938
24742.06055,15424.58984,2338.290039,#N/A
24752.08984,15476.59961,2355.320068,26867.55078
24749.01953,15668.59961,2386.459961,27019.39063
25317.94922,15728.34961,2408.959961,27139.93945
25297.91992,15676.17969,2426.219971,27085.92969
25240.15039,15668.67969,2449.26001,27026.69922
25190.44922,15705.11035,#N/A,27319.84961
24705.35938,15788.78027,2432.429932,27057.41016
24662.64063,15909.2002,2423.449951,26995.86914
24595.32031,15948.29004,2438.360107,27061.03906
24356.99023,#N/A,2437.25,26816.56055
24136.00977,15911.53027,2388.76001,26492.50977
24376.41016,15888.66992,2401.330078,26631.28906
24168.7207,16067.57031,2408.659912,27112.21094
24306.16016,16321.16992,2425.310059,27090.41992
23955.49023,16205.90039,2378.919922,27206.74023
23837.07031,#N/A,2399.459961,26775.68945
23921.60938,16167.4502,2441.860107,26744.68945
23768.13086,16374.13965,2436.969971,26468.35938
23678.41016,16229.86035,2437.199951,26626.32031
23229.21094,16310.63965,2447.800049,26597.10938
22932.98047,16173.51953,2450.98999,26630.50977
23064.56055,15708.65039,#N/A,#N/A
23315.03906,15890.9502,#N/A,#N/A
23422.51953,15783.83008,#N/A,26271.9707
23263.33008,15595.98047,2478.379883,26246.78906
23534.5293,15478.92969,2481.959961,26637.2793
23088.53906,15300.54981,2466.790039,26297.38086
23143.38086,#N/A,2454.949951,26384.07031
23047.9707,14936.50977,2446.560059,26349.33008
23140.05078,15073.51953,2463.870117,null
22900.93945,14738.37988,2444.399902,25999.33984
23023.21094,14532.50977,2441.72998,26108.5293
23070.25977,15111.23047,2454.709961,26429.84961
23088.58008,14804.28027,2433.389893,26575.65039
23403.9707,15195.76953,2418.639893,26787.23047
23333.17969,15138.95996,2402.75,#N/A
23302.19922,15291.63965,2390.709961,#N/A
23143.23047,15388.71973,2368.830078,26752.90039
23520.35938,15329.91016,2416.649902,26880.82031
23819.86914,15553.91016,2451.379883,27098.16992
23702.03906,15658.2002,2468.929932,27346.33008
23998.06055,16413.75977,2508.320068,27865.83008
23915.9707,#N/A,2512.550049,27860.38086
23845.66016,16862.4707,2513.169922,#N/A
23695.61914,16937.32031,2503.449951,27915.88086
23649.31055,16792.48047,2506.070068,#N/A
23550.24023,16880.38086,2502.149902,27868.63086
23744.69922,16780.5293,2565.72998,27874.73047
23808.2793,17124.10938,2558.610107,27910.06055
23938.17969,17197.05078,2594.320068,28008.90039
24019.93945,17392.78906,2579.75,27940.64063
24087.38086,17490.83008,2581.090088,28046.66016
23797.08008,16973.80078,2567.100098,28177.88086
23529.16992,17344.06055,2541.419922,28163.28906
23373.31055,17288.75,2537.219971,28032.84961
23349.64063,17300.85938,2537.100098,28067.56055
23437.11914,17357.50977,2583.459961,28334.63086
23893.14063,#N/A,2649.26001,28499.53906
23843.91016,17407.61914,2685.560059,28338.05078
24111.98047,17383.58008,2723.02002,28386.18945
24004.2793,17248.5,2754.48999,28438.91016
23987.44922,17459.84961,2808.820068,28693.99023
23367.44922,17590.09961,2819.810059,28559.61914
23654.30078,17663.2207,2923.939941,28444.00977
23428.61914,17720.42969,2967.550049,28442.71094
23832.56055,17887.21094,3104.350098,28562.82031
24002.64063,17920.44922,3124.889893,28458.09961
24047.66992,17935.64063,3252.879883,28119.40039
23485.83008,17813.38086,3106.909912,27797.00977
23524.51953,17412.58008,3221.550049,27831.09961
23312.53906,17257.40039,3183.01001,27602.00977
23249.19922,17371.58008,3193.22998,27350.67969
23027.84961,17099.40039,3217.22998,27319.56055
22670.5,16755.32031,3303.399902,26781.43945
22585.83984,16819.73047,3360.600098,26710.13086
22832.21094,17210.05078,3345.929932,27126.57031
23116.63086,17621.40039,3383.169922,27371.83984
23408.57031,17635.14063,3394.47998,27701.78906
23333.68945,#N/A,3324.919922,27506.46094
23349.33984,17854.23047,3230.389893,27208.60938
23773.17969,17729.83984,3455.459961,null
23501.09961,17450.76953,3459.679932,27403.53906
23605.03906,#N/A,3533.709961,27499.41992
23721.30078,#N/A,#N/A,27887.90039
23721.32031,17408.71094,3641.540039,27842.32031
23485.41016,16883.18945,3641.060059,26987.46094
23681.25977,16885.33008,3643.790039,26908.82031
23835.5293,17167.09961,3559.26001,27274.71094
23919.94922,17197.73047,3546.719971,27458.38086
24026.46094,#N/A,3513.580078,27585.26953
24215.9707,17087.71094,3514.040039,27425.73047
24112.59961,16795.96094,3502.419922,27346.82031
24350.91016,17108.69922,3604.120117,28075.55078
24103.51953,16864.16016,3635.149902,28121.89063
23738.49023,17014.28906,3355.159912,28262.00977
23951.16016,17366.30078,3396.219971,28784.66992
24352.58008,17280.48047,3548.889893,28888.85938
24522.63086,17329.01953,3567.610107,29006.01953
24850.44922,17511.75,3571.72998,29278.83984
24909.90039,17468.51953,3607.98999,#N/A
24807.2793,17768.30078,3574.929932,29571.03906
24861.81055,17795.73047,3525.320068,29559.17969
24595.84961,17606.2207,3481.800049,29681.76953
24507.05078,17674.39063,3434.389893,29182.94922
24484.74023,17558.03906,3353.959961,29122.26953
24554.7793,17335.84961,3437.449951,29000.14063
24679.75977,17678.74023,3401.77002,28883.10938
24765.49023,17504.61914,3366.949951,28850.9707
24679.39063,17648.5,3312.419922,28717.91016
24521,17711.92969,3345.919922,28227.39063
24528.09961,17652.67969,3406.939941,28355.61914
24315.01953,#N/A,3434.120117,28533.9707
24422.15039,17979.7207,3442.870117,28805.09961
24682.53906,17913.35938,3469.830078,29094.92969
24726.5293,18004.76953,3499.47998,29135.88086
24784.88086,17987.08984,3522.320068,#N/A
24832.08008,18199.16992,#N/A,29320.25977
24836.75977,18466.91992,#N/A,28975.10938
24750.07031,18603.48047,#N/A,29004.66016
24778.2793,18585.19922,3478.72998,29007.99023
24902.06055,18785.78906,3566.290039,28746.65039
24823.28906,18797.93945,3572.840088,29220.11914
24887.43945,18826.88086,3601.26001,29459.14063
24702.7793,18815.16016,3507.899902,29593.73047
24465.38086,18703.59961,3530.820068,29380.73047
24193.03906,18751.83984,3496.340088,29448.94922
24164,18971,3478.52002,#N/A
24123.05078,18790.55078,3537.75,28844.7793
23896.98047,18665.10938,3520.610107,28709.86914
23717.9707,18723.51953,3524.649902,28659.16992
23797.96094,18991.10938,3592.840088,28930.41016
23823.21094,19254.25,3617.659912,28503.30078
23949.55078,19246.06055,3705.669922,28437.71094
23901.49023,19437,3757.120117,28736.38086
24120.08008,19544.48047,3846.050049,28622.11914
24468.89063,19476.56055,3839.73999,28469.66992
24375.24023,19560.2207,3892.570068,28261.08008
24494.50977,19560.2207,3972.060059,28192.01953
24399.59961,19713.44922,3973.050049,28161.7207
24528.23047,19746.19922,3940.409912,28111.83008
24497.08008,19471.11914,3950,27457.58008
24486.19922,19285.63086,3971.699951,27458.64063
24855.11914,19411.40039,4088.179932,27975.85938
24900.89063,19206.99023,4051.199951,27957.49023
25082.75,19034.83984,4123.899902,28260.14063
25275.64063,19312.78906,4124.779785,#N/A
26236.85938,19789.81055,4295.799805,28707.75
26944.39063,19937.7207,4262.140137,28885.21094
27272.39063,19907.63086,4344.419922,28879.38086
28016.33984,19905.46094,4421.069824,29044.43945
27561.49023,19908.67969,4438.180176,#N/A
27618.82031,19869.75977,4380.509766,28799.68945
27739.71094,19885.76953,4513.549805,28666.03906
27653.11914,19652.88086,4596.140137,28442.09961
27094.92969,19634.49023,4521.919922,27886.21094
27850.49023,19909.08984,4619.160156,27676.03906
27933.84961,20133.90039,4739.810059,27890.13086
27827.69922,20187.65039,4740.890137,27735.01953
28060.98047,20020.03906,4702.640137,27437.93945
28433.58984,19983.32031,4807.589844,27176.99023
28442.75,20058.94922,4741.859863,27396.38086
28400.33984,#N/A,4774.330078,27225.92969
28133,19520.00977,4749.890137,27011.31055
28123.82031,#N/A,4787.740234,27490.58984
27755.53906,#N/A,4596.839844,27440.14063
27640.91016,#N/A,4553.330078,26717.36914
27289.9707,19291.99023,4470.089844,26599.10938
27577.33984,19379.18945,4558.399902,27105.39063
27718.19922,19620.91016,4690.529785,27507.30078
27407.17969,19624.83984,4747.419922,26877.48047
27249.2793,19764.7207,4718.439941,27251.09961
27286.55078,19570.24023,4700.779785,27206.06055
27822.2793,19732.91992,4617.470215,27324
27591.25,19890.26953,4575.140137,27687.30078
27693.53906,20026.38086,4731.220215,27645.5293
27585.05078,20196.56055,4754.919922,27837.21094
27523.7207,20202.86914,4840.97998,27809.34961
27992.83008,20264.41016,4951.330078,27957.5
28249.85938,20437.48047,5198.919922,27531.41016
28081.21094,20472.58008,5181.430176,27564.66016
27454.31055,20551.46094,4834.009766,27506.71094
27424.18945,20563.15039,4840.830078,27828.43945
27597.16016,20569.86914,5076.180176,27848.99023
27466.7207,20543.18945,5161.870117,27188.38086
27657.4707,20473.50977,5143.589844,26837.19922
27551.89063,20488.18945,5181.419922,26813.41992
27260.16016,20460.90039,5230.549805,26768.49023
27316.2793,20457.18945,5353.75,26523.08984
26989.51953,20096.30078,5317.459961,26481.25
26687.64063,20046.35938,5309.109863,26840.5
26907.84961,20382.9707,5306.589844,26370.98047
27280.53906,20407.08008,5335.120117,26425.30078
26861.81055,20387.78906,5221.169922,26586.55078
26566.69922,20257.93945,5064.819824,26686.50977
26753.78906,20219.26953,5138.830078,26832.66016
26694.66016,19990.82031,4930.549805,27115.83008
26760.5293,20174.24023,4637.049805,27316.16992
27080.84961,20428.18945,#N/A,27730.21094
27333.46094,20809.41992,4786.089844,27804.36914
27404.9707,20868.0293,4880.129883,27729.66992
27145.75,20771.40039,4706.52002,27895.9707
26663.86914,20706.15039,4336.189941,27811.83984
25966.98047,20109.94922,4191.549805,27645.15039
26250.0293,20235.73047,4473,27780.83008
26282.32031,20522.5,4108,27945.80078
26064.10938,20539.78906,3885.919922,28092.78906
25236.2793,20112.11914,3998.540039,28208.75977
24975.31055,20376.58984,3928,28171.68945
23516.56055,19737.64063,3663.040039,27687.7207
24392.78906,19855.5,3897.629883,27573.66016
24901.2793,19779.83008,4106.560059,27661.40039
25224.00977,20089.76953,4211.810059,27961.18945
25120.91016,20385.33008,4112.149902,27932.90039
25055.75977,20463.33008,3966.76001,28198.28906
25162.7793,20600.11914,3997.360107,28446.11914
25415.26953,20650.91992,4151.5,28463.31055
25404.81055,#N/A,4160.609863,28420.11914
25536.42969,20841.9707,4166.009766,28182.14063
25282.61914,20593.66992,4157.160156,28504.92969
25398.84961,20683.94922,4250.810059,28370.83984
25128.50977,20544.5293,4176.279785,28112.31055
24351.96094,20350.09961,3818.72998,27561.38086
24503.93945,20328.89063,3811.090088,27459.23047
24619.44922,20302.91016,3930.379883,27563.42969
24497.98047,20522.83008,3815.409912,27705.34961
24636.2793,20585.24023,3816.699951,28114.56055
24411.41992,20548.10938,3829.23999,28187.06055
24406.11914,20520.35938,3948.159912,28071.92969
24514.16016,20614.06055,3866.899902,28223.08008
24375.2793,20664.43945,3831.850098,28298.13086
24552.4707,20724.56055,3906.949951,28236.39063
24521.11914,20808.68945,4084.360107,28101.7207
24498.21094,20720.75,4066.669922,27866.08984
23916.01953,20392.76953,4016.129883,27512.25977
24018.80078,20595.55078,4075.459961,27549.5293
23991.0293,20519.44922,4073.540039,28067.31055
23814.65039,20620.25977,4077.870117,27878.26953
23474.9707,20554.4707,3825.409912,27831.53906
23167.84961,20222.63086,3886.139893,27931.64063
22757.4707,20033.51953,3761.449951,27607.82031
22409.61914,19435.83008,3589.540039,27366.07031
21251.57031,18540.67969,3275.530029,25741.56055
21404.96094,17806.69922,3042.929932,26032.38086
21080.39063,18376.83008,3025.689941,25714.66016
21838.53906,18574.43945,3205.639893,26231.18945
21612.39063,19136.32031,3342.290039,26392.38086
21670.58008,18890.48047,3366.540039,26283.08984
21185.42969,18165.68945,3362.080078,25696.43945
20934.93945,18095.40039,3365.830078,25453.56055
20840.60938,17792.16016,#N/A,25201.90039
20583.51953,17860.4707,3250.48999,24893.81055
21259.03906,17427.08008,3334.02002,25317.86914
22131.31055,18770.50977,3399.300049,25719.58008
21562.5,18299.61914,3357.560059,25622.16992
21504.36914,18264.2207,3347.189941,25610.21094
21561.90039,17965.69922,3281.129883,25856.69922
21455.23047,18026.48047,3152.22998,25705.92969
21966.66016,18171.59961,3309.25,25963.9707
21854.63086,18432.26953,3237,#N/A
21920.83008,18070.21094,3251.27002,26218.91016
21756.92969,#N/A,3308.25,26192.98047
21796.58008,#N/A,3339.030029,25651.83984
21302.91016,#N/A,3263.030029,25822.99023
21095.98047,17571.83008,3285,25863.5
21186.32031,17880.50977,3231.949951,#N/A
20556.59961,16930.83984,3178.850098,25778.66016
20846.30078,17388.15039,3202.949951,26154.83008
21506.08984,17725.13086,#N/A,#N/A
21854.5,18005.49023,#N/A,26785.55078
21831.61914,18186.09961,#N/A,26932.88086
22515.75977,18322.98047,#N/A,27035.84961
22354.91016,18141.16992,3296.47998,26845.81055
22458.80078,18438.66992,3340.120117,27079.50977
22730.92969,#N/A,3447.689941,26904.10938
22600.46094,18234.74023,3445.040039,26846.5293
22439.91016,17891,3406.110107,26779.66016
22888.16992,18096.90039,3486.810059,27010.14063
23067.36914,18291.80078,3534.060059,27214.59961
23075.60938,18131.23047,3534.179932,27364.91992
22989.2207,18207.15039,3577.699951,27306.83008
22845.36914,18435.86914,3524.530029,#N/A
23151.93945,18825.30078,3571.23999,27470.81055
23116.25,18947.11914,3589.26001,27361.96094
23142.73047,18777.03906,3592.879883,27253.43945
22956.57031,18903.01953,3524.919922,27039.75977
22819.93945,18935.71094,3533.310059,26838.14063
22640.03906,19083.09961,3534.080078,26656.83008
22370.03906,18683.24023,3475.959961,26559.15039
22568.42969,#N/A,3465.48999,26590.58984
23053.57031,18926.91016,3628.540039,26552.91992
23051.03906,19116.41016,3705.969971,26304.19922
22867.33008,19265.59961,3793.370117,26265.24023
22726.76953,19642.74023,3840.350098,26121.40039
22401.69922,19671.25977,3833.23999,25743.25977
22352.16992,19691.39063,3833.649902,#N/A
22888.91992,19697.76953,3795.320068,#N/A
22396.14063,19596.91016,3746.23999,25610.5293
22010.82031,19393.68945,3764.129883,25760.09961
22264.25,19630.63086,3758.389893,25864.4707
22188.25977,19649.17969,3715.580078,25482.51953
22500.2207,19859.81055,3774.969971,25841.91992
22754.7207,19879.81055,3774.379883,25868.49023
22665.90039,#N/A,3753.330078,25819.33984
22587.63086,19924.89063,3753.889893,25775.74023
22498,19847.58008,3781.610107,#N/A
22488.93945,19944.41016,3759.429932,25958.63086
22068.32031,19883.93945,3556.98999,26128.19922
21996.41992,19747.4707,3566.409912,26145.66992
22381.34961,20012.40039,3591.699951,26169.41016
22479.68945,19938.13086,3721.959961,26117.84961
22417.00977,19939.90039,3749.300049,25886.61914
22235.89063,19504.48047,3677.590088,25638.10938
22203.2207,19698.15039,3687.610107,25530.10938
21905.13086,19492.59961,3623.02002,25310.33008
21803.75977,19301.07031,3635.939941,25036.05078
21704.60938,19046.55078,3623.080078,25252.32031
21464.05078,19230.48047,3608.060059,25044.42969
21309.84961,18883.41992,3711.320068,25150.34961
21274.36914,18565.90039,3694.389893,25320.43945
21701.21094,19049.91016,3685.439941,25494.36914
21872.06055,19353.56055,3755.889893,25803.7793
21755.56055,18986.80078,3767.909912,25519.2207
21791.67969,18916.01953,3865.969971,25735.90039
21830.01953,18886.69922,3876.72998,25590.65039
22040.58984,#N/A,3866.379883,25850.30078
22138.13086,18789.68945,3829.399902,25838.71094
21919.61914,18873.34961,3727.629883,26034.13086
21999.61914,18982.23047,3761.879883,26079.48047
21882.15039,19033.71094,3765.179932,25960.0293
21914.40039,#N/A,3731,26117.53906
21327.11914,18450.98047,3469.070068,25623.34961
21188.7207,18374,3478.780029,25580.33984
20980.81055,18191.32031,3539.810059,25406.33008
20333.33984,17767.33984,3294.379883,24851.83008
20453.71094,17697.96094,3361.560059,24934.33008
19888.5,#N/A,3192.449951,24825.03906
19711.75977,17218.96094,3215.709961,24682.0293
19934.88086,17715.63086,3155.879883,24854.10938
19817.41016,17240.94922,3221.570068,24772.9707
19520.76953,17147.10938,3118.72998,24455.03906
19237.44922,16955.57031,3130.72998,24188.36914
19635.81055,17048.36914,3223.120117,24479.83984
18886.30078,16416.18945,3174.379883,24062.03906
18542.15039,16017.25977,3081.340088,23962.21094
19080.50977,16958.5293,3113.459961,24435.66016
19340.14063,17110.91016,3128.889893,24485.94922
18860.80078,16708.90039,2940.51001,#N/A
19052.44922,17163.91992,2930.350098,24492.39063
19195.83008,17041.44922,2853.76001,24469.57031
19683.10938,17518.30078,2946.090088,24870.68945
19595.5,17865.23047,2901.050049,24824.83008
19446.83984,17750.67969,2961.330078,24539
18991.58984,17191.25,2948.639893,24223.32031
19183.08984,17044.99023,2984.76001,24338.42969
19288.16992,16819.58984,2963.790039,24616.9707
18545.80078,#N/A,#N/A,22951.83008
18319.58008,14952.61035,#N/A,22986.11914
18918.14063,16022.58008,2946.709961,23554.11914
19122.08008,16054.42969,3037.030029,23191.9707
18924.57031,15836.36035,3063.320068,23381.86914
19363.08008,16196.79981,3053.699951,23649.2207
19285.5,15967.16992,3051.580078,23709.15039
19464.08984,16111.04981,3118.870117,23788.78906
19414.7793,16052.04981,3089.360107,23410.17969
19192.44922,15915.79004,3109.540039,23088.92969
18888.75,16140.33984,2918.75,22976
19364.15039,16188.41016,2948.030029,23154.30078
19111.92969,16026.75977,2877.469971,23002
19407.46094,16085.50977,2930.689941,23779.34961
20003.49023,16746.55078,3051.330078,24242.98047
19941.75977,16960.16016,3058.419922,24606.99023
20176.69922,17014.7793,3093.889893,24646.48047
20159.7207,16911.32031,3104.840088,#N/A
20011.58008,16783.15039,3107.669922,24659.23047
19996.25977,16642.19922,3071.909912,24793.96094
19984.41992,16852.34961,3013.149902,24623.33984
20199.59961,16938.86914,3018.280029,24717.99023
20435.33984,17233.75,3065.689941,24804.2793
20288.76953,17117.07031,3074.780029,24551.16992
20257.69922,16974.44922,3090.030029,24682.48047
20503.81055,16936.38086,3124.199951,24677.36914
20671.63086,16724.81055,3171.959961,24952.74023
20684.15039,#N/A,3249.439941,25285.36914
20666.75,17048.55078,3225.790039,25330.49023
20615.23047,17000.98047,3236.090088,25337.56055
20345.60938,16892.33008,3181.850098,#N/A
20366.30078,17103.5293,3135.409912,24900.46094
20803.39063,16878.96094,3216.27002,25338.58008
20776.69922,16758.66992,3218.090088,25341.85938
20498.91992,16164.16016,3221.899902,25269.64063
20177,15732.82031,3270.699951,24883.58984
20206.66992,15715.36035,3257.530029,24900.63086
20266.05078,15749.83984,3209.290039,24685.41992
20370.40039,15821.51953,3173.090088,24673.83984
20440.81055,15751.12988,3230.100098,25022.16016
20504.43945,15928.79004,3218.449951,25145.58984
21158.71094,16381.21973,3261.379883,25626.75
21337.81055,16911.05078,3275.830078,#N/A
21316.4707,16848.0293,3272.209961,#N/A
21161.5,16275.9502,3228.449951,25816.35938
21436.21094,16874.43945,3238.300049,#N/A
21236.31055,16906.53906,3181.030029,25844.17969
21622.25,17363.61914,3160.600098,25880.38086
21467.03906,17572.49023,3174.899902,25838.14063
21304.43945,17439.30078,3162.030029,25678.92969
21407.26953,17353.2793,3179.159912,26007.30078
21361.59961,17290.49023,3165.919922,26064.11914
21388.0293,16666.05078,3160.580078,25603.09961
21067.05078,#N/A,3156.75,25606.61914
20676.93945,#N/A,3210.219971,25229.69922
20525.83008,#N/A,3209.459961,25101.73047
20449.82031,#N/A,3213.919922,25262.21094
20109.86914,16106.71973,3130.350098,25228.5
20156.81055,16216.03027,3065.620117,25688.85938
20242.67969,16565.18945,3069.110107,25772.5293
20055.28906,16579.00977,3082.810059,25597.01953
19915.46094,16646.33984,3090.139893,25790.2207
19719.28906,16412.21094,3074.939941,25489.57031
19883.94922,16466.40039,3095.310059,25653.23047
20118.80078,16652.80078,3086.02002,25773.60938
19826.41016,16644.68945,3068.040039,25704.60938
19694.33008,16646.66016,3062.5,25399.7207
19852.19922,16736.34961,3078.219971,25301.90039
19809.0293,16654.59961,3087.219971,25230.35938
19830.42969,16498.75977,3063.560059,25305.4707
20368.05078,16757.34961,3059.22998,25881.16992
20397.10938,16772.46094,3064.209961,26366.67969
20576.76953,16834.83984,3062.5,26653.59961
20629.39063,17068.01953,3066.709961,26725.59961
20815.08984,17234.98047,3169.560059,26667.96094
20760.98047,16955.73047,3160.550049,26713.92969
20859.2207,16562.55078,3167.100098,26843.14063
20947.24023,16642.23047,3189.330078,26843.0293
21030.2207,16580.0293,3178.790039,26777.44922
21328.24023,16675.44922,3177.050049,27009.66992
21297.88086,16830.91992,3163.98999,27020.66016
21042.64063,16601.35938,#N/A,26635.75
20512.99023,16019.17969,3066.340088,26396.76953
20387.5293,15859,3075.97998,26395.71094
20467.51953,15919.58008,3116.370117,26726.33984
20038.41992,15434.13965,3094.669922,26525.46094
20169.98047,15599.66016,3110.360107,26625.91016
20510.19922,15965.29981,3112.669922,26866.91992
20668.43945,16169.11035,3106.320068,26812.7793
20795.11914,16065.71973,3133.959961,26765.65039
20868.33984,16238.34961,3117.320068,27002.2207
20259.13086,14952.01953,3077.159912,26397.71094
20227.30078,15309.20996,3120.540039,26402.96094
20172.46094,15323.13965,3136.399902,26524.55078
20436.11914,15566.83008,3151.389893,26740.39063
20794.36914,15575.91992,3153.919922,26999.7207
21059.19922,15775.79981,3204.699951,27278.75977
20750.7207,15669.33008,3207.379883,27166.86914
20495.28906,15378.99023,3216.800049,#N/A
20706.91992,15276.24023,3209.949951,27201.49023
20564.16992,15106.98047,3192.280029,27126.90039
20880.5,15708.82031,3203.330078,27626.68945
21224.74023,16095.65039,3273.179932,27808.14063
21322.36914,16231.42969,3282.870117,27815.17969
21561.06055,16385.89063,3276.76001,27942.10938
21659.25,16497.84961,3276.280029,27836.5
21803.17969,#N/A,3262.02002,27746.66016
21673.19922,16723.31055,3248.22998,27787.61914
21882.48047,16681.89063,3237.600098,27915.89063
22000.49023,16810.2207,3252.52002,27710.51953
21964.26953,16627.25,3225.159912,27803.24023
21993.43945,16620.28906,3230.889893,28095.33984
22129.73047,16383.04004,3269.590088,27976.51953
22218.99023,16664.82031,3218.23999,28024.33008
22174.33984,16476.83984,3221.139893,28208.61914
21891.36914,16569.26953,3203.929932,28051.85938
22129.14063,16635.76953,3176.810059,28003.11914
22129.14063,16391.44922,3189.050049,27981.71094
21739.11914,16083.11035,3193.51001,27697.50977
21832.23047,16254.88965,3201.290039,27714.36914
22146.08984,16254.4502,3205.01001,28078.34961
22494.75977,16650.57031,3234.179932,28182.57031
22465.60938,16764.9707,3256.97998,28085.16016
22492.42969,16735.11914,3243.340088,27774.88086
22580.55078,#N/A,3233.360107,27859.59961
22766.91016,16919.91992,3294.22998,28152.40039
22932.50977,16869.56055,3393.419922,#N/A
22910.83984,16596.50977,3378.25,28064.60938
22799.7793,16745.64063,3373.050049,28005.36914
23023.16016,16486.00977,3364.48999,28123.43945
22937.2207,16545.82031,3365.02002,28077
22997.91016,16598.18945,3336.790039,27985.53906
22998.92969,16497.35938,3341.830078,27990.21094
22820.7793,16597.30078,3329.860107,28059.93945
22814.94922,16555.94922,3308.969971,27835.91016
22909.53906,16360.70996,3307.090088,27782.25
22821.33984,16737.49023,3307.780029,27902.66016
23016.10938,16725.35938,3311.98999,28343.00977
22976.88086,16887.40039,3327.790039,28452.16992
23162.33984,16926.83984,3301.580078,28423.48047
23266.69922,16925.67969,3314.110107,28532.10938
23649.55078,17037.63086,3319.679932,#N/A
23787.67969,17081.98047,3342.629883,28978.01953
23741.81055,17012.43945,3340.820068,28926.35938
23919.33984,16958.76953,3339.560059,29045.2793
24099.69922,16965.75977,3318.040039,28797.25
23290.59961,16672.91992,3262.600098,28353.53906
23215.75977,16729.03906,3260.330078,#N/A
23190.64063,16614.24023,3238.72998,28372.23047
23335.58984,16405.00977,#N/A,28412.89063
23550.44922,#N/A,3263.120117,28634.5
23530.85938,16492.15039,3257.399902,28523.19922
23669.90039,16807.61914,3266.639893,28507.41992
23759.80078,#N/A,3291.120117,28773.13086
23686.48047,16754.01953,3275.669922,28668.2207
23317.91992,16544.56055,3220.280029,28294.2793
23571.90039,16683.92969,3240.75,28223.69922
23619.65039,16465.40039,3230.889893,28292.81055
23739.4707,16693.71094,3244.389893,27827.5293
23297.15039,16449.83984,3253.280029,27865.96094
23584.42969,16598.66992,#N/A,28243.28906
23689.43945,16735.65039,#N/A,28334.55078
23788.31055,16819.24023,#N/A,28220.98047
23952.5,16899.09961,#N/A,28106.21094
23851.82031,16860.08984,#N/A,28061.14063
23549.51953,17024.75977,3306.560059,#N/A
23407.05078,16840,3300.01001,#N/A
23031.30078,16774.24023,3302.649902,27643.10938
23233.31055,16856.36914,3305.850098,27673.59961
23037.53906,16900.11914,3277.879883,27529.9707
23394.39063,16963.60938,3321.330078,28050.88086
23304.9707,16998.91016,3316.23999,27984.36914
23374.40039,17235.5,3318.600098,28129.83984
23374.40039,17184.58984,3327.73999,28077.17969
23604.08008,17234.41992,3367.580078,28179.08008
23565.10938,17365.25,3367.449951,28091.41992
23325.42969,17391.83984,3354.800049,27836.50977
23132.34961,17336.41992,3345.699951,27915.90039
22954.81055,17446.41016,3340.129883,27941.50977
22934.53906,17425.01953,3336.280029,#N/A
23147.07031,17442.40039,3359.050049,27876.60938
22810.5,17134.67969,3333.350098,27527.2207
22683.50977,#N/A,3365.080078,27430.2793
22642.61914,16905.35938,3354.169922,27274.15039
22801.40039,17177.21094,3356.590088,27458.99023
22909.4707,17171.38086,3371.120117,27591.14063
22415.18945,16251.54004,3353.050049,27252.5293
22839.10938,17344.41992,3390.610107,27517.67969
22531.08984,17374.78906,3417.149902,26818.82031
22222.2207,17672.61914,3430.25,#N/A
22323.91016,17668.15039,3429.870117,26304.63086
22280.5293,17862.21094,3429.590088,26298.68945
22262.88086,17862.63086,3436.530029,26227.61914
22344.21094,17967.41016,3417.459961,26150.24023
22357.7793,18106.01953,3441.110107,25765.14063
22678.07031,18162.93945,3468.360107,25960.7793
22676.68945,#N/A,3474.72998,26051.81055
22608.49023,18333.41016,3488.709961,25860.16992
22723.44922,18381.2207,3521.300049,26316.33984
22830.57031,18356.89063,3535.080078,26350.16992
22737.07031,18307.03906,3564.040039,26394.00977
22789.76953,18308.48047,3538,26652.81055
22878.23047,18513.11914,3565.040039,26559.91992
22564.82031,18426.08008,3528.949951,26230.66016
22505.55078,18274.99023,3469.409912,26349.09961
22675.15039,18360.53906,3459.149902,26392.75977
22800.91992,18496.68945,3475.75,26236.86914
22861.83984,18765.4707,3470.139893,26694.2793
22760.98047,18996.36914,3493.699951,26747.17969
22433.01953,19155.0293,3409.179932,26515.24023
22446.69922,19250.51953,3405.040039,26697.82031
22456.61914,19253.60938,3378.949951,26602.83984
22059.40039,19273.78906,null,26519.07031
22020.75,19401.15039,null,26489.56055
21832.67969,19391.59961,3328.97998,26374.69922
21729.06055,19494.5293,3309.060059,26307.98047
21809.80078,19444.49023,3338.540039,26242.38086
21636.19922,19427.66992,3335.669922,25979.59961
21574.75977,#N/A,3307.600098,#N/A
21754.74023,19401.7207,3301.889893,#N/A
21790.91016,19145.14063,3297.76001,#N/A
22000.56055,19114.36914,3310.080078,#N/A