4664.6,10303
4664.6,10303
4641.7,10281
4632.3,10277
4632.5,10258
4614.3,10259
4611.5,10222
4606,10214
4605.8,10196
4607.3,10197
4591.3,10208
4594.6,10172
4604.5,10175
4609.5,10191
4609.3,10209
4595.5,10224
4592.7,10196
4601.4,10189
4617,10213
4624.4,10250
4606.9,10268
4600.7,10232
4596.5,10214
4596.5,10210
4596.5,10210
4561.7,10148
4559.3,10155
4552.9,10154
4549.6,10143
4543.6,10138
4534.9,10122
4526,10104
4533.6,10091
4537.5,10105
4526.6,10122
4529.2,10122
4536.1,10131
4523,10147
4520.8,10114
4540.9,10116
4536.1,10168
4550.8,10167
4549.8,10204
4540.8,10200
4537,10168
4518.1,10166
4518.1,10132
4518.1,10132
4549.1,10140
4553.6,10169
4549.3,10168
4545.2,10166
4540.5,10160
4539.2,10138
4538.6,10140
4537.6,10145
4539.2,10142
4544.3,10142
4546.3,10149
4547.7,10162
4542.7,10168
4548.8,10149
4548.8,10152
4568.4,10155
4575.6,10184
4588.9,10187
4583.8,10237
4577.8,10231
4569.4,10209
4569.4,10188
4569.4,10188
4365.5,9506.1
4369.5,9512.4
4358.8,9521.1
4354.4,9503.6
4353.8,9495.7
4356.4,9488.5
4358.8,9489.8
4372.1,9486.3
4366.3,9514.4
4369.5,9499.5
4358.8,9496.7
4350.6,9482.9
4321.4,9461.4
4339.8,9390.8
4343.5,9435.2
4361.7,9443.8
4353.6,9490.9
4362.9,9474
4358.4,9488.2
4353.6,9484.4
4343.7,9461.7
4343.7,9450.4
4343.7,9450.4
4600.3,9762
4602.9,9768.3
4611.9,9758.5
4608.7,9780.6
4604.2,9787.6
4611.5,9775.6
4609.7,9793.7
4605.2,9795.8
4612.8,9789.6
4613.1,9806.5
4618.4,9817.5
4614.5,9825.1
4624.9,9824.4
4620.5,9834.3
4625.9,9832.6
4627.4,9834.9
4619.5,9832.4
4617,9819
4615.3,9819.1
4608.5,9810
4616.9,9801.3
4616.9,9814.8
4616.9,9814.8
4647.1,9849.9
4637.3,9887.9
4629.1,9862.5
4623.8,9839.2
4622.4,9840.8
4635.2,9828.1
4636.9,9851.6
4636.2,9853.3
4642.9,9846.8
4654.7,9869.3
4647.7,9894.6
4650.4,9878.8
4667.8,9882.5
4684,9913.4
4673.2,9953.5
4658.9,9933.9
4666.8,9900.7
4661.2,9923.6
4667.7,9899.9
4670.3,9910.6
4660.6,9921.4
4660.6,9902.8
4660.6,9902.8
4685,9984
4685.4,9984.6
4690.9,9983.6
4696.4,10001
4696.6,10016
4694.6,10023
4692.2,10012
4701.7,10010
4702.1,10023
4697.1,10027
4706.2,10015
4704.6,10024
4714.1,10032
4719.5,10045
4727.1,10080
4722.1,10085
4697.1,10071
4697.7,10028
4669.4,10027
4658.2,9980.8
4667.3,9948.8
4667.3,9970.4
4667.3,9970.4
4658.5,9976
4664.4,9966.4
4666.5,9977.3
4665.4,9980
4666.7,9981.1
4670.4,9987.4
4665.3,9994.7
4664.1,9984.3
4662.1,9988.6
4656.9,9988.2
4661.8,9974.6
4666.3,9984.6
4669.6,9990.1
4674.4,9985.9
4676.7,9998.4
4665.5,9997.7
4672.8,9979.2
4667.9,9990.5
4669.8,9982.8
4681,9982
4675.9,10000
4675.9,9993.1
4675.9,9993.1
4624.2,10017
4622.6,10006
4627.3,10005
4628.9,10016
4625.3,10012
4615.6,9996
4623.7,9980.9
4615.4,9987.5
4615.5,9958.9
4608.9,9960.7
4606.8,9949.1
4606.9,9953.3
4622.1,9953
4629.5,9987.2
4638.9,9997
4651.2,10014
4648.8,10036
4654.9,10039
4644.8,10069
4638,10043
4643.4,10023
4643.4,10033
4643.4,10033
4616,9939.6
4617.7,9947.9
4623.8,9954.3
4630.7,9965.1
4629,9984.9
4637,9979.3
4644,9985.5
4643.1,10003
4632.3,10003
4622.5,9974.1
4615.5,9950.7
4626.1,9950.6
4646.8,9973.7
4655.7,10013
4650.3,10030
4632.3,10018
4615.1,9972.2
4616.4,9941.5
4614.6,9928.9
4619.6,9919.9
4609,9928.5
4609,9915.9
4609,9915.9
4674.1,10054
4673,10071
4664.4,10068
4672.8,10053
4659.9,10077
4661.9,10066
4662.9,10068
4667.8,10069
4658.6,10075
4668,10043
4659.3,10063
4660.8,10049
4671.1,10052
4667.9,10061
4672.4,10061
4664.9,10070
4672.2,10060
4680.8,10067
4674,10071
4677.4,10050
4675.3,10064
4675.3,10065
4675.3,10065
4718.6,10195
4714.4,10192
4706.8,10182
4709,10162
4696.7,10170
4695.8,10143
4692.2,10148
4690.2,10138
4688.8,10136
4687.2,10129
4691.3,10128
4698.6,10142
4691.4,10153
4705.4,10137
4705,10167
4699.1,10171
4703.4,10165
4706.3,10172
4704.3,10179
4703.1,10174
4704.1,10169
4704.1,10164
4704.1,10164
4894.1,10810
4898.4,10806
4893.2,10815
4899.2,10798
4901.6,10811
4910.8,10814
4917.2,10842
4921,10845
4911.7,10857
4914.9,10839
4907.5,10839
4904.6,10825
4900,10818
4899.7,10803
4895.1,10802
4884.1,10791
4888.2,10770
4883.3,10794
4891.1,10789
4900.4,10791
4897.1,10807
4897.1,10801
4897.1,10801
4871.2,10760
4870.1,10757
4868.1,10766
4866.3,10764
4861,10751
4866.6,10728
4855.9,10741
4854.4,10727
4858.9,10728
4864.4,10734
4863.2,10752
4858.2,10735
4861.5,10717
4858.4,10738
4861,10734
4858,10731
4862.5,10713
4852.3,10726
4852.8,10697
4857.9,10703
4847.1,10709
4847.1,10692
4847.1,10692
4869.7,10766
4869.7,10772
4869.7,10767
4862,10762
4860.1,10746
4858,10736
4862.5,10732
4865,10748
4865.1,10754
4877.6,10753
4877.1,10781
4876,10775
4897.5,10774
4903.3,10815
4895.2,10839
4893.3,10834
4889.9,10829
4898,10826
4893.4,10843
4895.1,10837
4890.6,10838
4890.6,10832
4890.6,10832
4981.5,10940
4982.3,10928
4980.4,10923
4986.4,10928
4990.3,10933
4992.9,10939
4990.2,10946
4991.3,10944
4985.8,10938
4982.4,10931
4980.3,10935
4980.4,10929
4959.4,10924
4956.9,10878
4958.4,10847
4969.7,10868
4970.6,10896
4969.5,10892
4949.4,10893
4948.3,10842
4948.3,10842
4948.3,10845
4948.3,10845
4997.9,10931
4992.6,10946
4998,10928
5005.6,10944
5003.3,10950
5006.8,10950
5002.4,10961
5003.7,10948
5003.5,10946
5000.7,10946
4995,10941
4990.6,10921
4992.5,10907
5007,10919
4999.7,10944
4973.1,10924
4967.6,10854
4978,10854
4978.9,10879
4981.9,10877
4980,10893
4980,10888
4980,10888
4806.1,10723
4809.2,10738
4809.1,10747
4798.5,10739
4797.6,10722
4798.2,10729
4801.9,10725
4790,10731
4784.8,10711
4784.7,10692
4782.4,10694
4787.1,10691
4800.4,10703
4806,10731
4806.7,10734
4808.3,10725
4805.1,10732
4799.9,10713
4792.9,10699
4797.9,10687
4804.3,10691
4804.3,10713
4804.3,10713
4914.9,10920
4917.6,10911
4914.2,10922
4916.1,10921
4911.4,10923
4913.2,10908
4909.9,10915
4905,10913
4918.6,10901
4917.3,10921
4914.3,10914
4911.5,10906
4904.6,10907
4911.9,10887
4910.5,10906
4913,10907
4925.8,10918
4926.7,10944
4929.9,10946
4934.4,10939
4937.3,10959
4937.3,10971
4937.3,10971
4901.5,10911
4905.9,10915
4899.7,10930
4905.1,10928
4897.5,10945
4897.8,10930
4903.9,10930
4906.4,10944
4906.3,10947
4916.8,10957
4912.4,10985
4906.5,10977
4905.8,10963
4901,10961
4894.6,10942
4902.2,10930
4904.4,10944
4904.3,10949
4912.3,10943
4909.9,10963
4906.7,10963
4906.7,10960
4906.7,10960
4948.8,11133
4941.7,11139
4943.3,11127
4943.8,11120
4939,11127
4935.7,11122
4930.9,11114
4931.4,11097
4931.6,11100
4919.7,11105
4923.5,11071
4917.3,11086
4925.4,11065
4925.9,11094
4919.9,11104
4914.8,11104
4906,11085
4908.9,11064
4912.8,11060
4921.3,11068
4915.1,11089
4915.1,11085
4915.1,11085
4964.3,11416
4963.2,11404
4962.5,11405
4970.5,11402
4968.7,11419
4965.9,11418
4962.8,11406
4961,11402
4957.6,11402
4961.1,11396
4957.9,11395
4957.5,11378
4955.9,11383
4954.2,11376
4952.1,11386
4951.5,11364
4955.3,11363
4958.6,11372
4967.3,11383
4952.9,11397
4957.6,11378
4957.6,11382
4957.6,11382
4931.3,11278
4922.3,11277
4919,11257
4902.3,11252
4894.7,11225
4900.3,11199
4904.2,11209
4912.1,11212
4907.3,11232
4903.5,11220
4908.5,11208
4916.4,11210
4925.1,11218
4938.8,11232
4931.8,11257
4934,11242
4934.8,11236
4922,11252
4915.6,11227
4909.1,11212
4905.8,11194
4905.8,11190
4905.8,11190
4970.4,11282
4971.9,11298
4968.4,11303
4961.4,11289
4938.8,11273
4916.9,11219
4896.8,11182
4908.9,11146
4747.6,11165
4811.3,10804
4809.4,10934
4821.7,10912
4787.7,10951
4778.4,10911
4755.8,10909
4746.3,10881
4749.7,10845
4747.9,10858
4763.6,10856
4747.1,10889
4730.2,10826
4730.2,10789
4730.2,10789
4786.9,10954
4799,10942
4800.2,10971
4802.4,10980
4801.5,10989
4799.6,10988
4791.4,10979
4785.2,10966
4779.4,10949
4780.4,10939
4784.9,10948
4787.4,10965
4774.5,10960
4770.2,10940
4765.5,10916
4764.8,10903
4754,10921
4755,10884
4753.5,10885
4750,10876
4756.4,10870
4756.4,10886
4756.4,10886
4714.8,10775
4708.4,10771
4695.3,10755
4689.6,10734
4692.4,10716
4689,10722
4696.9,10718
4689.3,10731
4689.8,10721
4682.9,10726
4674.7,10720
4678,10691
4691.7,10686
4677.1,10725
4679.9,10688
4661.3,10682
4687.7,10641
4699.2,10702
4697.5,10716
4688.7,10714
4681.9,10684
4681.9,10674
4681.9,10674
4666,10666
4664.8,10669
4655.2,10665
4643.4,10651
4646.4,10632
4635.9,10636
4641.5,10613
4645.6,10623
4641.8,10625
4631.6,10601
4632.1,10585
4637.2,10582
4655.1,10593
4656.6,10633
4666.8,10635
4665.3,10644
4688.9,10634
4680.4,10687
4670.6,10671
4646.6,10658
4637.4,10611
4637.4,10592
4637.4,10592
4629,10575
4628.3,10571
4626.9,10573
4632.5,10569
4625.7,10586
4636.7,10565
4643.5,10585
4644.7,10603
4634.8,10605
4629.7,10586
4636.3,10573
4640,10595
4645.7,10605
4636.7,10628
4629.6,10612
4641.6,10589
4658.8,10620
4651.7,10659
4641.1,10646
4641.1,10609
4635.1,10606
4635.1,10599
4635.1,10599
4544.6,10334
4551.8,10285
4549.1,10296
4527.6,10284
4532.2,10229
4538.5,10250
4528.2,10274
4534.1,10246
4540.9,10249
4548.2,10277
4545.7,10298
4552.7,10289
4539.5,10313
4535.2,10288
4523.6,10268
4503,10251
4523.4,10212
4516.2,10262
4486.1,10248
4478.3,10153
4473.1,10150
4473.1,10139
4473.1,10139
4583.1,10339
4583.6,10377
4582.4,10379
4576.5,10378
4564.3,10381
4565.5,10359
4567.2,10364
4562.9,10375
4573.9,10366
4586.9,10395
4591.6,10422
4601.9,10421
4618.4,10441
4617.1,10471
4619.3,10462
4620,10456
4619.7,10453
4624.9,10455
4605.7,10465
4616.5,10419
4614.4,10450
4614.4,10450
4614.4,10450
4645.8,10530
4645.3,10518
4645,10537
4641.6,10542
4646.6,10534
4651.7,10540
4648.1,10551
4655,10545
4652.6,10557
4655.1,10553
4647.2,10554
4653.4,10549
4658.4,10554
4651.8,10558
4646.7,10547
4641.2,10533
4637.9,10509
4632.5,10500
4629.1,10482
4627.4,10483
4624.7,10467
4624.7,10469
4624.7,10469
4738.6,10813
4739.1,10820
4740.5,10813
4732.9,10818
4731.2,10810
4726.3,10804
4723.1,10798
4728.6,10785
4730.2,10794
4728.9,10801
4724.9,10806
4727.8,10795
4704.4,10805
4713.3,10764
4707.8,10783
4707.9,10777
4695,10779
4687.3,10758
4685.5,10737
4684.9,10736
4677.5,10751
4677.5,10738
4677.5,10738
4652,10688
4648.1,10705
4649.3,10693
4652.3,10691
4641.6,10708
4637,10672
4643.1,10665
4647.2,10680
4645.3,10684
4648.3,10691
4645.1,10711
4646.1,10709
4638.4,10704
4633.8,10683
4643,10663
4640.2,10680
4636.9,10674
4615.6,10666
4601.2,10608
4589.9,10565
4565.2,10540
4565.2,10498
4565.2,10498
4673.7,10816
4671.6,10794
4679.1,10792
4682.4,10808
4680.4,10811
4677.9,10821
4683,10810
4686.4,10818
4695,10821
4693.9,10843
4689.3,10834
4688,10818
4694.6,10820
4695.4,10840
4683.8,10843
4685.1,10828
4681.4,10827
4684.9,10819
4682.9,10819
4687.9,10817
4701.4,10839
4701.4,10860
4701.4,10860
4510.6,10339
4505.8,10300
4513,10281
4511.2,10290
4515.1,10287
4515.1,10302
4524.1,10304
4527.2,10324
4528.2,10315
4526.3,10304
4530.7,10298
4540.2,10317
4521.1,10345
4526.3,10300
4523.9,10307
4513.7,10307
4518.4,10293
4503.3,10307
4499.4,10281
4513.9,10270
4522.4,10267
4522.4,10283
4522.4,10283
4494.8,10207
4501.8,10212
4499.4,10231
4506.1,10223
4508.8,10233
4516.7,10239
4527.2,10258
4531.8,10291
4534.9,10306
4543,10303
4544.3,10323
4549.1,10317
4547.9,10326
4536.2,10318
4527.1,10283
4519.7,10278
4531.3,10264
4539.9,10302
4525,10333
4525.4,10291
4537.6,10283
4537.6,10310
4537.6,10310
4467.4,10140
4472.1,10151
4468.2,10181
4461.9,10169
4452.4,10159
4448.5,10142
4443.2,10131
4453.6,10105
4449.1,10141
4451.5,10126
4441.6,10131
4452,10098
4455.4,10124
4457.8,10127
4461.3,10125
4473.7,10148
4461.7,10207
4469.7,10161
4467.5,10187
4478.4,10188
4480.5,10217
4480.5,10214
4480.5,10214
4362.4,9853.3
4354.5,9861.4
4356.8,9855.7
4361.3,9863
4362.3,9869.4
4363.2,9875.3
4356.4,9882.2
4355.4,9866.8
4365.9,9864.7
4373,9882.1
4381.8,9897.3
4373.2,9918.1
4397.9,9918.6
4402.6,9960.9
4396.9,9960.4
4395.6,9952.8
4410.7,9944.5
4419.2,9997
4405.6,10026
4405.3,9998.3
4403.6,9974.8
4403.6,9979.9
4403.6,9979.9
4359.4,9883.8
4354.4,9927.8
4355.1,9904.9
4357.8,9910.1
4353.8,9920.5
4357.7,9909.3
4371.2,9919.3
4368.4,9950.6
4373,9943.3
4375.8,9953.2
4371.4,9943.1
4377.1,9948.2
4365.1,9967.8
4348.6,9936.1
4351.5,9910.6
4351.3,9921.5
4359.4,9921.2
4332.2,9929.8
4328.9,9858.3
4328.4,9862.2
4312.7,9850.5
4312.7,9825.1
4312.7,9825.1
4403.9,10058
4409.2,10050
4398.2,10051
4406.5,10031
4404.5,10048
4415.8,10048
4418.2,10064
4413.4,10063
4415.4,10063
4419.9,10062
4417.9,10065
4416.3,10057
4425,10059
4416.1,10079
4406.3,10059
4397.5,10037
4393.6,10021
4395.4,10025
4386.1,10025
4384.4,9999.7
4378.8,9999.3
4378.8,9985.4
4378.8,9985.4
4438.6,10080
4431.6,10074
4441,10065
4443.2,10087
4442.2,10092
4437.8,10088
4435.7,10083
4440.6,10079
4445.3,10091
4440,10103
4439.2,10093
4431.2,10085
4421.9,10067
4419,10031
4409.4,10027
4411.2,10002
4386.4,10001
4394.2,9957.4
4386.5,9972
4386.2,9952
4391.9,9949.2
4391.9,9961
4391.9,9961
4256.2,9653.8
4269.2,9654.8
4282.9,9688
4280.5,9713.4
4292.3,9716.2
4303.4,9741
4293,9745.7
4305,9732.5
4308.7,9768
4301.2,9770
4303.2,9755.6
4310.8,9761.9
4303.1,9773.5
4273.8,9746.4
4297.4,9688.9
4321,9739.8
4339.3,9808.7
4335,9848.9
4335.7,9839.4
4329.2,9846.8
4312.9,9821.1
4312.9,9794.2
4312.9,9794.2
4131.9,9396.8
4131.9,9388.2
4119.4,9387.5
4127.8,9365.7
4124.2,9379.3
4129.2,9380.2
4136.8,9394.5
4147,9413.6
4147.6,9437.9
4163.6,9436
4151.8,9471.4
4159.3,9444.3
4149.8,9464.7
4133.2,9447.2
4130,9406
4115,9409.5
4110.3,9388
4084.7,9373.3
4106.4,9315.2
4116.9,9354.9
4124.9,9363.7
4124.9,9391.6
4124.9,9391.6
4141.6,9446.6
4145.3,9440.9
4138.7,9449.2
4141.5,9435.5
4149.6,9439.3
4156.8,9467.9
4169.9,9477.8
4176.8,9498.1
4214,9517
4194.4,9593.6
4194.6,9554.4
4181.2,9552.2
4162.3,9528.8
4148.6,9485.7
4191,9443.7
4195.2,9535
4203.2,9540
4192.6,9562
4209.5,9567.6
4201.8,9583.3
4206.4,9571.1
4206.4,9574.2
4206.4,9574.2
4321.7,9758.5
4331.9,9733.2
4331.4,9759
4339.4,9754.4
4340.6,9775
4342.3,9783.2
4343.3,9787.5
4348.8,9796.4
4349.9,9814
4351.7,9824.8
4352.3,9823.4
4349.9,9822.9
4359.3,9816.7
4348.8,9842.1
4337.8,9831.4
4341.8,9784.5
4369.4,9789.6
4359.1,9847.9
4356,9828.4
4367.9,9832.4
4380.4,9863
4380.4,9880.8
4380.4,9880.8
4328.8,9784.8
4323.7,9730.5
4330.1,9708
4338.4,9730.1
4333.2,9739.3
4339,9733.1
4338.8,9737.9
4336,9742.8
4320,9736
4353.8,9697.5
4361.1,9770.4
4359,9772.1
4344.9,9773
4349.2,9747.6
4327.2,9751.6
4292.5,9698.9
4309.7,9612.1
4314.7,9642.5
4315.4,9640.9
4318.1,9638.5
4322.2,9629.4
4322.2,9639.6
4322.2,9639.6
4392,9757.1
4387.6,9746.4
4370.9,9738.2
4368,9701.2
4359.2,9697.5
4365.4,9680.2
4367.1,9682
4359.6,9689.6
4366.5,9675.1
4368.8,9691.6
4373.6,9691.6
4376.6,9700
4369.6,9701.1
4366.7,9687.7
4369.4,9694.5
4364.4,9685.9
4381.7,9677.6
4383.8,9718.7
4385.7,9732.5
4388.4,9748.2
4392.3,9746.7
4392.3,9757.9
4392.3,9757.9
4320.7,9651.2
4308.6,9672.9
4315.6,9642.8
4313.5,9658
4308.8,9645.4
4316.3,9633.6
4311.8,9652.1
4300.1,9647.5
4306.6,9624
4297.6,9640.8
4298.3,9615.1
4298.8,9622.9
4280.9,9625.9
4274.8,9592.7
4271.1,9589.8
4258.8,9582
4271.2,9549.6
4260.4,9569.5
4274.5,9546.9
4281.1,9567
4284,9567.4
4284,9581
4284,9581
4279.3,9477.4
4278.3,9484.9
4284.6,9488.5
4268.8,9515.3
4257.3,9491.3
4259.9,9470.4
4263,9470.9
4267,9479.9
4277.7,9490.6
4279.5,9532.6
4285.7,9537.3
4283.1,9546.4
4261,9565.5
4254.9,9518.6
4203.1,9499.5
4195.2,9397.5
4202.7,9380.3
4223.1,9407.2
4215.9,9433.3
4226.4,9410
4227,9431.2
4227,9434.8
4227,9434.8
4239.6,9480.9
4227.5,9478.8
4231.9,9453.6
4224.5,9460
4224.9,9441.8
4214.7,9443.9
4202.2,9421.2
4207.2,9372.5
4192.7,9371.7
4187,9325.1
4195.1,9295.6
4202.7,9308.7
4190.1,9332.1
4212.8,9296.8
4230.6,9351
4239.4,9371.8
4252.6,9383.1
4255.6,9444.1
4232.1,9468.1
4233.5,9401.8
4228.5,9401.5
4228.5,9393.4
4228.5,9393.4
3922.3,8810.9
3900.8,8809.6
3898.6,8759
3927.3,8764.2
3929.1,8818.5
3910,8828.2
3923.2,8793
3925.9,8816.5
3936.5,8824.6
3927,8844.2
3933.1,8817.3
3935.5,8828.4
3940,8837
3952.3,8836.5
3955.1,8863.1
3928.3,8859.3
3927.4,8813.5
3915.6,8806.9
3913.4,8793.4
3907.8,8796.5
3896.7,8779.3
3896.7,8752.9
3896.7,8752.9
4114.4,9133.3
4128.4,9136
4132.8,9158.2
4133.6,9167.5
4131.9,9168
4122.3,9160.4
4117.3,9146.5
4119.6,9134.8
4113.2,9135
4115.1,9126.4
4122.7,9136.5
4117.1,9153.5
4125.1,9139.3
4106.3,9159.8
4103.5,9112.6
4098.8,9110.4
4106.9,9101.2
4097,9114.9
4092.1,9099.2
4105.5,9091.9
4110.7,9114.7
4110.7,9135.1
4110.7,9135.1
4188.8,9291.5
4191.2,9293.1
4192.6,9288.2
4194.5,9298.8
4198.2,9304.2
4206,9310.3
4199.2,9328.1
4195.5,9319.9
4202.5,9316.8
4201,9323.6
4210.9,9320.1
4206.7,9336.9
4207.7,9326.5
4211,9324.1
4220,9333.4
4234.1,9349.8
4230.3,9387.9
4234.5,9378.8
4232.2,9384
4231.4,9377
4233.5,9380.3
4233.5,9377.2
4233.5,9377.2
4270.8,9542
4265.1,9526.1
4273.9,9522.3
4270.7,9532.1
4270.6,9530.7
4270.7,9529.3
4271,9533.5
4263.9,9534.4
4268,9513.2
4271.4,9514.8
4269.4,9525.2
4268.2,9520.1
4248.9,9521
4256.7,9486.2
4260.1,9491.5
4264,9504.5
4259.8,9514.3
4257.8,9499.3
4240.4,9491.3
4238.9,9462.6
4239.8,9462.8
4239.8,9463.6
4239.8,9463.6
4294.8,9573.6
4297.7,9573.6
4291.7,9569.9
4294.8,9551.4
4288.6,9557
4291.4,9543.2
4288.1,9547.3
4288.7,9546.5
4294.9,9547
4296.9,9559.6
4286.4,9568.7
4281.8,9547.2
4297.6,9541
4296.4,9561.2
4298.7,9558.7
4301.5,9570.3
4299.1,9570.3
4293.9,9567.1
4298.2,9554.6
4294.3,9559.7
4298.7,9572.5
4298.7,9573.6
4298.7,9573.6
4283.5,9503.5
4278.1,9501
4287.4,9495.5
4285.4,9506.6
4285.5,9504.4
4282.3,9503.2
4279.1,9499.7
4277.1,9496
4280.7,9491.7
4291.4,9505
4285.5,9528.9
4284,9517.1
4282.1,9520.9
4286.1,9516.3
4267.7,9519.2
4274.1,9476.8
4270.2,9494.2
4245.9,9485.5
4238.1,9432.1
4240.7,9414.3
4238.4,9431.4
4238.4,9416.8
4238.4,9416.8
4143.7,9190.1
4139.9,9188.9
4146.6,9177.4
4147.5,9190.3
4146.5,9191.1
4153.4,9188.8
4151.3,9201.6
4154.5,9193.7
4151.4,9190.2
4153.4,9192.8
4147.9,9208.6
4151.6,9198.1
4148.2,9206.5
4129.8,9199.5
4129,9150.3
4125.6,9155.8
4141.5,9144.3
4147.8,9165.2
4144.8,9175.5
4143.6,9168.6
4155.3,9147.8
4155.3,9167.8
4155.3,9167.8
4247,9266.4
4249.1,9285.1
4259.4,9295.6
4249.5,9338.4
4252.6,9317.4
4249.5,9320.6
4248.3,9310.8
4249.1,9310.4
4248.3,9311.5
4257.7,9317.5
4265.7,9343.3
4261.2,9381.4
4246.7,9371.1
4250,9348
4250.4,9338.8
4265.2,9322.5
4262,9355.5
4245.3,9350.7
4233.4,9311.5
4245.1,9290.6
4248.4,9325.8
4248.4,9331.5
4248.4,9331.5
4303.8,9369.5
4306.2,9412.9
4303.2,9418.7
4310.6,9402.7
4317.5,9415.1
4311.5,9418.9
4314.7,9406
4315.7,9417.9
4327.5,9418.5
4326.9,9458.6
4323.2,9450
4323,9447.4
4307.8,9446.5
4315.8,9405.2
4315.5,9415.9
4317.1,9409.7
4318.1,9409.3
4326.7,9419
4335.7,9439.2
4338.9,9461.5
4353.6,9466.7
4353.6,9495.4
4353.6,9495.4
4387,9645.1
4381.8,9654.8
4385.8,9642
4386.7,9649.3
4384.4,9648.6
4384.3,9646.3
4387,9641.9
4374.4,9645.5
4378,9614.2
4376.2,9624.2
4378.9,9630.9
4376.4,9643
4372.4,9639.4
4378.6,9625.4
4387.4,9648.6
4401,9667.5
4397.8,9707.2
4393.4,9694.6
4402.5,9684.6
4404.1,9701.3
4406.8,9716.3
4406.8,9717.2
4406.8,9717.2
4417.8,9735.4
4415.1,9751.6
4409.8,9754.7
4413.1,9734
4421.3,9751.1
4414.3,9772.3
4409.5,9755.9
4409.9,9745.9
4404.5,9741.8
4406.3,9730.8
4400.9,9729.1
4397.5,9720.8
4408.5,9724.9
4396.5,9741.6
4406.6,9705.5
4406.1,9736.1
4393.1,9739.2
4409.2,9713.9
4416.6,9749.9
4423.1,9764.8
4424.9,9779.4
4424.9,9776.6
4424.9,9776.6
4413.1,9771.7
4415.4,9755.6
4417.2,9761.6
4410.9,9767.5
4406.3,9753.7
4409.9,9746.3
4404.6,9748.8
4407,9746.9
4408.3,9752.4
4413.4,9756.8
4409.6,9766.4
4404,9762.1
4405.3,9753.8
4402.7,9755.3
4392.6,9736
4400.8,9710.4
4402.4,9731.6
4413.8,9736.4
4416.2,9766.4
4409.1,9767
4416.1,9736.1
4416.1,9751.9
4416.1,9751.9
4382.1,9650.1
4386.2,9655.8
4411.9,9667.5
4410.9,9734.6
4412,9728.2
4423.8,9733.5
4422.7,9752.2
4419.9,9734.2
4436.4,9738.1
4429.6,9776.7
4425.2,9761
4418,9756
4407.2,9738.6
4407.6,9718.1
4403,9719.6
4394.6,9711.6
4384.9,9681.1
4384.2,9655.6
4390,9651.4
4402.8,9664.1
4404,9687.9
4404,9692.8
4404,9692.8
4466.3,9938.1
4463.9,9930.7
4466.9,9932.6
4459.8,9930.3
4456.3,9910.7
4459.1,9911.3
4462.1,9918
4458,9922.8
4459.8,9919.6
4461.1,9914.6
4456.7,9910.8
4466.3,9905.1
4465.7,9929
4460.6,9925.8
4462.8,9915
4469,9919.4
4463.4,9941.1
4465.4,9928.5
4468.8,9929.2
4474.8,9933
4472.6,9940.2
4472.6,9933.9
4472.6,9933.9
4462.7,9972.1
4463.1,9956.1
4467.9,9965.9
4464.6,9975.4
4457.5,9963.7
4452.2,9938.9
4456.2,9933
4452.8,9939.9
4463.8,9943.6
4461.5,9961.8
4468.4,9968.5
4461.4,9980
4474,9966.5
4468.4,10000
4471.1,9991.3
4468.3,9996.4
4467.1,9992.4
4463.8,9986.4
4464.5,9976.6
4462.8,9977.8
4463,9983.7
4463,9983.4
4463,9983.4
4390.2,9823.2
4386.5,9795.3
4408.1,9785
4399.5,9826.3
4405,9811.9
4401.2,9812.5
4410.5,9805.9
4413,9819.6
4398.2,9830.8
4409.4,9809.5
4408.4,9814.4
4409.1,9814.9
4422.1,9817.3
4432.1,9842.8
4435.3,9859.2
4432.1,9875.5
4423.6,9865.3
4429.1,9846
4428.2,9857.4
4432.4,9861.6
4442.9,9873.1
4442.9,9892.2
4442.9,9892.2
4453.7,10008
4456.1,10004
4454,10007
4433.6,10002
4430.6,9934.2
4433.6,9922.6
4432.5,9927.4
4429.3,9928.6
4443.4,9925.3
4439.5,9956.1
4425.2,9953
4424.6,9922
4422,9911.4
4421.6,9908.8
4427.7,9919
4432.1,9936.6
4431.5,9961.2
4423.1,9958.4
4419.1,9928.1
4424.3,9934.7
4427.8,9946.8
4427.8,9948.6
4427.8,9948.6
4357.4,9856.7
4350.2,9874.8
4343.2,9852.3
4344.9,9833
4350,9834.6
4356.7,9839.9
4354.7,9849.2
4353.6,9853.7
4348.9,9848.9
4346.9,9829.9
4349.6,9823.3
4350.4,9834.8
4344.5,9829
4351.9,9823.4
4355.5,9842.6
4358.5,9843.9
4353.9,9859.3
4356.7,9854.4
4358.4,9864.7
4361.8,9870.6
4366.7,9886.2
4366.7,9887.9
4366.7,9887.9
4452.8,10066
4449.7,10059
4449.7,10055
4448.8,10061
4447.8,10056
4445.4,10057
4448.1,10051
4445.6,10051
4448.8,10034
4449.1,10049
4451.4,10062
4454.2,10065
4457.4,10066
4458.6,10089
4448.5,10080
4448.2,10060
4454.1,10067
4451,10072
4448.8,10063
4444.4,10065
4444.4,10054
4444.4,10047
4444.4,10047
4390.9,9978
4399.4,9980.8
4401.4,9996
4402.9,9993.8
4400.8,9999.8
4402.1,9985.9
4399.8,9989.2
4407.7,9985
4405.1,9997.4
4400.1,9988
4396.5,9984.5
4396.1,9982.3
4400.7,9981.8
4392.9,9999.2
4397.2,9978
4384.8,9981.7
4389.1,9952
4381.4,9963.9
4391.5,9953.4
4388.9,9974.6
4385.1,9963.1
4385.1,9965.5
4385.1,9965.5
4251.6,9586
4251.5,9599.1
4254.2,9596.6
4260.7,9598
4258.1,9602.5
4252.8,9605.5
4255.6,9592.1
4252.7,9601.6
4243,9591.3
4249.6,9574.1
4247.6,9585.1
4251.5,9580.5
4247.5,9589.5
4253.7,9577.7
4256.9,9589.7
4262.9,9600.7
4251.9,9607.2
4251.7,9583.1
4257.1,9575.2
4258.5,9580.3
4250.3,9576.6
4250.3,9563.4
4250.3,9563.4
4256,9530.5
4256,9526.2
4263.1,9531.1
4261.7,9547.2
4263.7,9550.2
4271.5,9550.7
4275.7,9569.4
4269.6,9574.5
4262.5,9555.7
4262.1,9542.3
4258.8,9537.9
4252.6,9534.7
4252.4,9514.6
4254,9524.2
4251.2,9539.6
4247.9,9542.3
4259.6,9550.7
4267.6,9571.6
4277.8,9577.6
4283,9617.3
4284.6,9629.8
4284.6,9624.5
4284.6,9624.5
4277.9,9607.5
4272.4,9617.6
4275.2,9606.2
4268.3,9606.3
4267.4,9585.3
4270.6,9583.7
4273,9591.4
4279.4,9595.7
4278.1,9610
4277.4,9609.8
4276.7,9603.1
4265.2,9608.1
4272.9,9583.4
4268.6,9594.9
4254.6,9585.3
4241.5,9570.6
4246.3,9540
4249,9550.3
4240.6,9560.8
4238.9,9532.5
4245.9,9511.8
4245.9,9530.6
4245.9,9530.6
4332.1,9714.4
4332.4,9743.2
4328.9,9737
4322.3,9731.3
4327.8,9716
4328,9731.3
4329.2,9726
4324.4,9726.5
4328.7,9704
4332.6,9714.6
4329,9728.8
4327.3,9721.5
4323.8,9720.7
4326.3,9713.7
4329.6,9715.2
4321.8,9731
4313.5,9715.9
4307.5,9693.8
4317.4,9676.5
4317.8,9696
4312.6,9695.7
4312.6,9683
4312.6,9683
4559.8,10341
4573.4,10331
4574.5,10365
4577,10365
4578.6,10381
4574.9,10379
4571.7,10370
4571.7,10368
4570.3,10370
4570.1,10365
4569.8,10366
4573.1,10371
4571.6,10374
4572.6,10365
4570.9,10375
4567.9,10371
4567.5,10360
4575.4,10365
4583,10381
4594.9,10402
4591.9,10437
4591.9,10421
4591.9,10421
4563.8,10375
4571.5,10372
4570.9,10388
4571.8,10389
4572.2,10393
4559.7,10400
4570.6,10362
4576.8,10389
4561.2,10407
4564.4,10376
4558.7,10373
4563.2,10368
4562.1,10384
4567.2,10372
4570.5,10381
4569.5,10389
4580.2,10394
4584.7,10427
4580.8,10442
4590.3,10437
4582.8,10453
4582.8,10436
4582.8,10436
4554.6,10305
4553.4,10323
4549.9,10319
4550.6,10310
4550.6,10314
4540.6,10317
4535.2,10290
4534,10282
4540.7,10277
4541.6,10292
4539.7,10299
4546.8,10283
4543.9,10298
4545.5,10279
4536.4,10279
4532.3,10260
4539.2,10261
4539.6,10273
4540.1,10278
4545.7,10287
4546.1,10298
4546.1,10294
4546.1,10294
4537.8,10306
4537.5,10289
4540.4,10288
4538.2,10291
4540.3,10283
4540.3,10295
4545.1,10297
4542.1,10312
4534.4,10311
4539.1,10284
4535.3,10296
4529.9,10288
4527.6,10263
4534.6,10254
4524.3,10274
4517.4,10234
4522.3,10221
4521.2,10242
4531.4,10233
4535.1,10264
4533.2,10271
4533.2,10260
4533.2,10260
4370.9,10094
4358.7,10086
4336.9,10063
4332.7,10016
4337.7,10014
4336.4,10028
4338.6,10026
4336.4,10030
4335.4,10021
4332,10024
4329,10021
4320.8,10029
4335.4,10014
4339.7,10040
4327.1,10041
4326.3,10016
4332.9,10016
4331.8,10037
4337.2,10034
4329.1,10042
4338.2,10034
4338.2,10045
4338.2,10045
4294.7,9970.5
4293.8,9965.8
4293.9,9963.4
4299.6,9960.9
4297.4,9979.5
4302.8,9962.6
4300.3,9970
4306.7,9966
4311.1,9981.4
4314.4,9982.4
4309.9,9984.6
4309.8,9977.8
4307.1,9977
4306.8,9969.4
4305.8,9971.7
4311.2,9970.1
4318.1,9981.9
4316.6,9986.2
4311,9986.5
4315.8,9972.1
4316.7,9975.5
4316.7,9975.3
4316.7,9975.3
4346.4,10052
4354.7,10055
4352.5,10074
4354.8,10060
4357.5,10065
4361.6,10050
4358.5,10046
4355.8,10025
4349.9,10025
4346.9,10003
4346.3,9997.4
4344.2,9991.9
4335.5,9994.6
4318,9970.2
4323.1,9915.8
4313.9,9922.6
4300.3,9900
4300.7,9873
4291.4,9868.7
4294,9849.6
4293.3,9857.4
4293.3,9862.1
4293.3,9862.1
4317.2,9991.3
4315.1,9967.9
4311.1,9961.2
4311.3,9930.4
4308.4,9943.9
4315.9,9934.4
4313,9950.9
4308.4,9933.2
4293.8,9927.2
4294.1,9898.2
4295.7,9902.9
4296,9904.6
4280.1,9904.5
4286.9,9872.6
4279.2,9883.9
4289.1,9864.2
4300.3,9875.5
4302.2,9901.7
4295.6,9913.5
4289,9889.8
4297.6,9874.7
4297.6,9890.2
4297.6,9890.2
4284.4,9876.4
4285.7,9865.7
4288.2,9876.5
4295.4,9874.4
4285,9891.3
4282.6,9864.5
4280.1,9858.9
4282.3,9857.6
4277.6,9870.8
4279.5,9857.7
4277.4,9859.2
4282.3,9848
4292.4,9849.6
4301.6,9872.7
4319.3,9887.9
4319.9,9924.1
4312.8,9928.6
4301.7,9911.7
4311.1,9885.6
4318,9914.3
4319.3,9944.6
4319.3,9943.2
4319.3,9943.2
4280.1,9814.1
4283.6,9822
4292.9,9829.1
4295.1,9855.1
4310.8,9859.2
4307.3,9894.6
4312.4,9880.3
4307.7,9892.5
4303.4,9877.9
4304.3,9871.2
4303.2,9868.4
4291.9,9855.2
4300.3,9818.7
4282.2,9828.1
4276.9,9799.7
4284.2,9797.4
4294,9810.1
4278.4,9823.3
4283.2,9801.2
4286.9,9802.3
4282.5,9804.5
4282.5,9795.9
4282.5,9795.9
4386.6,9927.1
4385.5,9939.2
4385.1,9932.7
4387.8,9937.6
4389.8,9946.4
4386.9,9955.6
4396.9,9952.3
4397.2,9979.6
4397.9,9982.4
4398.2,9986.1
4396.1,9992.6
4395.2,9986.8
4408.7,9990.9
4410.8,10017
4415.3,10020
4430.1,10031
4429.6,10059
4433,10053
4436.2,10056
4435.1,10070
4431.5,10072
4431.5,10057
4431.5,10057
4472,10186
4472.9,10184
4473.6,10187
4476.1,10188
4476.9,10194
4473.9,10198
4475.1,10191
4479.3,10187
4479.7,10196
4480.2,10198
4473.4,10202
4473.5,10184
4478,10185
4487.3,10195
4487.3,10212
4485.6,10220
4483.1,10223
4481.2,10214
4480.9,10202
4481.5,10199
4481.6,10208
4481.6,10205
4481.6,10205
4515,10299
4511.1,10296
4513.6,10291
4515.3,10297
4519.6,10300
4520.6,10313
4520.2,10318
4520.8,10317
4517.4,10319
4515.9,10307
4514.6,10309
4518.9,10307
4517.6,10316
4516.8,10312
4520.8,10311
4516.1,10316
4504.3,10305
4503.8,10264
4499.2,10266
4505.6,10253
4505.6,10263
4505.6,10263
4505.6,10263
4470.8,10196
4472.9,10194
4465.6,10194
4465.9,10173
4467.9,10176
4469.9,10179
4470,10189
4466.4,10191
4461.6,10184
4462.2,10178
4458.9,10177
4464.4,10171
4466.2,10178
4468.4,10173
4474.1,10178
4465.7,10203
4467.1,10186
4472.4,10186
4476.9,10194
4471.6,10208
4475.4,10191
4475.4,10204
4475.4,10204
4478.9,10214
4477.5,10220
4476.3,10216
4476.9,10209
4475,10211
4473.3,10212
4461,10206
4465.7,10183
4454.8,10201
4452.9,10183
4456.3,10174
4453.1,10183
4465.2,10176
4459,10196
4467,10193
4463.3,10206
4461.8,10206
4461.6,10201
4470.6,10206
4469.8,10214
4466,10217
4466,10208
4466,10208
4415.6,10106
4416.6,10106
4422.6,10106
4420,10117
4421.5,10111
4418.6,10110
4426.9,10098
4429.3,10119
4430.9,10128
4427.4,10131
4423.9,10123
4422.7,10118
4428.2,10121
4430.2,10136
4431.1,10140
4430.4,10136
4429,10129
4430.2,10134
4431.9,10132
4426.9,10137
4423.4,10131
4423.4,10121
4423.4,10121
4475.4,10289
4476.5,10290
4479.1,10293
4482.4,10301
4480.4,10305
4477.7,10297
4479,10292
4478.6,10289
4471.6,10288
4470.5,10263
4462.6,10264
4463.9,10256
4473.9,10265
4470.9,10279
4474.8,10274
4478.1,10282
4480.7,10291
4475.5,10294
4479.1,10281
4479.2,10285
4475.9,10288
4475.9,10288
4475.9,10288
4246.5,9706.2
4241.9,9705.7
4254.6,9696
4251.6,9718.7
4254.6,9712.5
4248.7,9716.7
4247,9708.1
4243.2,9705.3
4246,9697.6
4238.4,9702.3
4233.4,9692.2
4234.6,9678.7
4239.5,9686
4245.6,9695.8
4245.7,9712
4253.8,9703.2
4251.3,9724.8
4251.3,9711.1
4244.4,9711.8
4240.2,9702.2
4227,9684.4
4227,9657.4
4227,9657.4
4172.3,9588.6
4163.3,9591
4159.4,9579.4
4161.6,9578.1
4160.4,9588.7
4159.7,9588.1
4154.4,9584.4
4149.4,9581.4
4154.9,9565.3
4158.9,9573.6
4152.8,9585.2
4164.1,9567.1
4178.6,9588
4176.3,9616.4
4155.2,9596.7
4145.6,9559.2
4148.3,9551.4
4134.7,9555.4
4138.9,9524.2
4129,9526.4
4130.3,9512.7
4130.3,9519.2
4130.3,9519.2
4182.6,9610.7
4183,9612.8
4180.2,9611.3
4182.4,9608
4181.7,9611.1
4184.8,9610.5
4186.2,9621.5
4190.6,9629.4
4185.2,9637.4
4187.1,9621.7
4183.8,9621.9
4187.1,9624.2
4184.6,9628.6
4194.1,9621.5
4198.5,9637.2
4192,9650.4
4193.5,9634.8
4188.5,9638.6
4195.1,9630.7
4178.1,9658.9
4171.6,9623.3
4171.6,9606.7
4171.6,9606.7
4152.1,9550.3
4155.3,9542.2
4148.3,9544.6
4139.7,9528.1
4141.8,9506.3
4146.6,9505.3
4144.1,9512.5
4137.6,9503.9
4138.8,9487.8
4141.5,9490.4
4138.7,9492.6
4133.5,9488.8
4131.7,9485.4
4117.1,9476
4128.7,9451.3
4118.3,9471.5
4120.1,9457.5
4125.6,9458.1
4149.9,9483.1
4159.4,9538.7
4153,9568.4
4153,9550.5
4153,9550.5
4368.1,10019
4368.7,10017
4367.8,10017
4366.6,10012
4368.4,10007
4373,10014
4369.7,10022
4377.7,10016
4364.3,10047
4364.8,10007
4370.7,10007
4368.4,10021
4364.2,10012
4361.1,10000
4366.4,9999.9
4371,10013
4370.6,10022
4376.6,10020
4377.9,10032
4380.2,10043
4367.2,10043
4367.2,10016
4367.2,10016
4381.8,10059
4396.2,10072
4396.9,10098
4390.7,10115
4391.3,10109
4395.9,10109
4398.7,10123
4401.8,10128
4398.6,10132
4396.8,10123
4394.3,10121
4399.3,10114
4404.9,10124
4398.6,10126
4400.6,10114
4401.8,10110
4412.1,10114
4409.4,10137
4413,10135
4411.1,10133
4380,10138
4380,10071
4380,10071
4484.4,10293
4473.3,10316
4465.9,10283
4465,10267
4458.4,10264
4454.3,10243
4455.4,10234
4459.4,10240
4454.6,10241
4454.9,10226
4443.5,10216
4446.6,10187
4435.1,10198
4438.8,10175
4425.9,10185
4424.5,10170
4426.4,10165
4445.4,10172
4455.4,10212
4461.4,10233
4465.9,10247
4465.9,10257
4465.9,10257
4031.4,9399.9
4026,9365.9
4031.6,9367.1
4031,9372.9
4031.7,9371.8
4016.4,9367.5
4023.3,9343.9
4020.4,9357.3
4017.3,9356.4
4017.9,9364.2
4020.1,9368.9
4030.3,9371
4013.9,9397.4
3996,9352.1
3980.1,9326.5
3973.2,9307.9
3978,9282.2
3962.2,9278.8
3957.8,9230.3
3980.5,9217.7
3984.7,9265.5
3984.7,9268.7
3984.7,9268.7
4084.4,9466.3
4086.8,9457
4086.6,9457
4088.1,9462
4086.2,9460.2
4093.2,9458.9
4100,9475.1
4111.4,9493.4
4115.3,9527.2
4111.8,9550.2
4105.3,9536.2
4107.4,9524.6
4108.9,9522.9
4111.9,9517.1
4105.8,9521.6
4096.4,9504.2
4095.7,9475
4089.4,9473.2
4094.4,9457.7
4082.4,9461.1
4088.8,9427.7
4088.8,9447.3
4088.8,9447.3
4193.4,9634.4
4190.7,9614.5
4196.9,9611.7
4181.4,9625.4
4177.4,9583.8
4187.6,9577.3
4181.8,9602.6
4177.2,9585.4
4182.8,9574
4195.3,9584.4
4188.8,9617.3
4189.7,9608.5
4184.5,9610.7
4183.3,9592.6
4186.6,9598.1
4187.2,9602.1
4175,9597.2
4178.7,9568.7
4182,9571.9
4189.1,9582.4
4195.3,9601.4
4195.3,9612.3
4195.3,9612.3
4149.7,9474.7
4134.1,9481.2
4139.1,9449.3
4132.9,9457.3
4135.5,9443.4
4128.7,9438.9
4128.7,9411.2
4121.9,9412.6
4127.1,9407
4134.8,9417.3
4131.1,9439.4
4131.9,9427.1
4139.6,9431.2
4143.2,9451.4
4143.9,9458.7
4148.1,9452.5
4137.7,9467
4127.1,9449.4
4121.9,9430.5
4121.8,9424.7
4117.9,9427.2
4117.9,9418.8
4117.9,9418.8
4228.1,9735.8
4235.2,9748.6
4242.1,9755.9
4251.1,9768.2
4250.1,9786.1
4248,9783.7
4246.4,9777.7
4246.8,9780.2
4252.1,9775.7
4255.5,9788.1
4254.8,9800.4
4253.1,9793.3
4256.1,9784
4251,9792
4252.3,9776.2
4254.6,9776
4261.8,9786.1
4267.8,9806.2
4269.4,9830.8
4263.9,9835.6
4264.5,9830.1
4264.5,9833.4
4264.5,9833.4
4335.7,9984.5
4334.5,9995
4328.5,9998.7
4329.4,9982.7
4328.8,9985.3
4329.1,9983.1
4329.6,9976.9
4323.2,9976
4332.3,9962.8
4334.3,9979.3
4333.6,9980.2
4335.2,9977.2
4341.2,9975.7
4332.1,9977.1
4330.4,9957.1
4330.8,9953.5
4331.3,9961.4
4334.7,9964.3
4331.4,9972.1
4333.7,9962.4
4331.4,9974
4331.4,9964.1
4331.4,9964.1
4351.6,9972.2
4354.4,9978.9
4354.9,9991.9
4349.9,9992.5
4351.6,9975.5
4352.6,9976.7
4352.9,9980.2
4356.4,9980.8
4354.7,9989.9
4355,9985
4351,9978
4346.2,9972
4340.7,9974
4336.7,9955.5
4348.4,9944.5
4343.9,9965.1
4350.5,9949.2
4349.4,9969.6
4337.6,9962.2
4346.6,9930
4335.3,9954.9
4335.3,9930.7
4335.3,9930.7
4378.6,10069
4377.7,10070
4351.5,10068
4363.7,9993.1
4377.2,10023
4381,10052
4382.5,10058
4383.3,10063
4393.8,10065
4396.2,10083
4398.1,10082
4391.4,10085
4389.5,10073
4393.7,10072
4396.1,10089
4397.6,10101
4390.4,10100
4385.8,10087
4387.2,10076
4391.9,10078
4385.5,10081
4385.5,10068
4385.5,10068
4357.9,10051
4362.7,10051
4363.5,10064
4360.4,10062
4368.8,10062
4369.6,10074
4365.6,10076
4361.3,10068
4353.7,10061
4345,10051
4344.3,10033
4347.9,10035
4338.7,10043
4340.1,10020
4345.2,10021
4358.2,10036
4360.4,10067
4367.5,10079
4370.7,10093
4363.9,10094
4357.7,10075
4357.7,10063
4357.7,10063
4311.9,9930.4
4313.7,9940.8
4315.6,9949.9
4320.7,9948.1
4320,9956.6
4322.1,9955.1
4322.2,9956.9
4323.5,9956.8
4330.1,9959.5
4324.7,9972.8
4322,9970.5
4323.8,9969.6
4326.8,9975.9
4325.2,9977.1
4327.4,9975.4
4327.5,9984.6
4323.7,9982.6
4325.6,9974.7
4326.6,9976.2
4333.2,9979.1
4330.1,9985.9
4330.1,9981.2
4330.1,9981.2
4379.1,10124
4378.8,10120
4374.3,10123
4375.5,10108
4372.3,10111
4371.2,10107
4367.9,10115
4373.4,10109
4367.3,10122
4368,10116
4368.6,10122
4370.3,10124
4360.3,10129
4363.5,10104
4365.7,10106
4366,10117
4376.1,10119
4379.5,10138
4374.9,10139
4380.7,10129
4379.8,10144
4379.8,10142
4379.8,10142
4364.4,10128
4366.8,10131
4364.7,10130
4366.1,10127
4365.3,10136
4363.5,10137
4367.2,10134
4357.5,10143
4354.6,10122
4352.5,10117
4362.2,10111
4361.6,10134
4373.3,10137
4366.7,10164
4375.1,10152
4372.5,10164
4379.1,10154
4387,10164
4384.6,10184
4381.9,10171
4376.2,10169
4376.2,10156
4376.2,10156
4408.9,10229
4415.1,10237
4412.8,10257
4406.6,10255
4405.1,10242
4407,10237
4407.4,10245
4405.5,10243
4401.2,10240
4399,10234
4397.7,10228
4395.9,10227
4393.5,10228
4384.7,10232
4374.9,10218
4371.6,10192
4371.7,10180
4375.2,10180
4376.5,10179
4379.9,10177
4388,10184
4388,10198
4388,10198
4383.4,10204
4383.5,10221
4387.7,10219
4383.6,10226
4381.9,10219
4382.4,10216
4388,10218
4393.2,10229
4391.3,10239
4388.3,10236
4389.4,10235
4387.5,10241
4401.6,10235
4396.4,10265
4395.6,10259
4393.7,10255
4393,10256
4383.4,10246
4390.3,10224
4399.1,10237
4394.8,10254
4394.8,10248
4394.8,10248
4459.9,10327
4460.5,10328
4460.3,10332
4456.9,10333
4459.2,10323
4466.4,10335
4463.1,10346
4469.1,10342
4465.6,10347
4466.2,10337
4464.3,10342
4462.6,10339
4462.9,10333
4467.7,10334
4462.9,10336
4454.4,10325
4444.1,10318
4447.5,10311
4444.6,10320
4444.2,10314
4447,10317
4447,10320
4447,10320
4443.4,10322
4442.2,10321
4432.3,10314
4442,10296
4444,10317
4443.7,10318
4449.8,10313
4453.5,10321
4452.6,10326
4449.6,10309
4443.8,10311
4441.8,10312
4435.9,10312
4440.4,10312
4433.9,10310
4436.1,10296
4435.9,10297
4430.5,10303
4426.5,10295
4432.4,10297
4420.6,10298
4420.6,10275
4420.6,10275
4309.5,10137
4310.8,10139
4309.8,10138
4308.5,10141
4305.1,10142
4305.9,10141
4299,10139
4299.3,10123
4298.5,10128
4300.8,10127
4300.4,10128
4304.2,10134
4310.1,10141
4309,10150
4325.9,10151
4324.4,10181
4325.3,10178
4315.4,10180
4318.8,10160
4316,10168
4321.1,10165
4321.1,10170
4321.1,10170
4334.3,10229
4339.6,10234
4348.8,10241
4353.7,10257
4355.1,10270
4352.4,10272
4344.9,10272
4326.4,10260
4332.2,10211
4329,10214
4334.1,10206
4334.8,10211
4339.6,10219
4325.7,10234
4333.3,10191
4339.3,10199
4344.1,10203
4349.2,10219
4342.9,10229
4338.7,10219
4345.6,10219
4345.6,10228
4345.6,10228
4436.1,10491
4442.6,10489
4442.7,10510
4442.2,10512
4442.6,10513
4442.8,10520
4446.1,10524
4441.7,10536
4439.1,10531
4441.3,10524
4444.9,10529
4447.2,10535
4452.9,10537
4451,10568
4449.9,10566
4454.8,10566
4463.5,10583
4463.8,10627
4466.7,10635
4466.3,10683
4468.1,10698
4468.1,10693
4468.1,10693
4472.1,10667
4475.2,10669
4471.2,10680
4475.6,10672
4472.9,10676
4467.1,10669
4467.1,10647
4464.1,10651
4465.6,10650
4462.3,10661
4463.9,10660
4467.3,10663
4459.3,10675
4462.9,10662
4474.7,10665
4473.5,10693
4476.1,10692
4470.9,10698
4471.1,10688
4473.4,10693
4460.4,10702
4460.4,10677
4460.4,10677
4436.1,10584
4432.6,10579
4429.4,10551
4427.7,10553
4429.2,10553
4430.1,10565
4433.9,10566
4432.6,10574
4432.1,10567
4433,10564
4430.5,10566
4430.9,10561
4418.6,10559
4418,10523
4419.9,10519
4416.1,10533
4421.1,10526
4420.2,10535
4423.4,10537
4421.6,10548
4417.7,10542
4417.7,10538
4417.7,10538
4422.8,10590
4425.4,10589
4423.7,10589
4422.1,10582
4420.3,10575
4416.6,10573
4415.4,10557
4417.9,10554
4420.1,10557
4418.8,10569
4419.8,10566
4422.9,10566
4419.8,10576
4424.1,10567
4420.1,10581
4422.3,10577
4429,10579
4432.4,10594
4435.2,10601
4431.2,10607
4437.1,10600
4437.1,10603
4437.1,10603
4395.5,10534
4387.4,10523
4384.6,10494
4386.9,10468
4382.7,10472
4385.5,10452
4389,10466
4388.5,10478
4390.3,10478
4386.1,10475
4385.4,10468
4385.4,10468
4384.1,10470
4391.4,10468
4388.3,10487
4403.2,10484
4400.4,10527
4393.3,10518
4393.8,10506
4387.3,10514
4389.9,10482
4389.9,10494
4389.9,10494
4420.4,10582
4416.7,10578
4421.5,10564
4422.6,10577
4421.6,10581
4421.7,10575
4420,10573
4424.3,10570
4422.7,10583
4425,10589
4423.9,10594
4425,10600
4428.9,10599
4433.2,10603
4433.2,10616
4430.6,10609
4427.1,10595
4428.4,10596
4422.4,10605
4422.4,10594
4421.4,10594
4421.4,10593
4421.4,10593
4445.9,10632
4451.9,10636
4449.6,10645
4450.8,10641
4447,10644
4447.2,10639
4447.6,10640
4450.9,10646
4449.8,10650
4449.8,10649
4450.4,10648
4442.4,10645
4442.1,10624
4439.6,10621
4441.8,10616
4438.8,10626
4435.3,10623
4431,10618
4431.2,10610
4435,10615
4435.5,10624
4435.5,10623
4435.5,10623
4399,10531
4394.9,10522
4394,10516
4396.4,10514
4397.4,10523
4407.1,10518
4402.1,10541
4403.3,10526
4402.7,10524
4396.4,10527
4397.1,10511
4395.5,10510
4403,10501
4399.7,10517
4406.1,10510
4403.1,10525
4404.5,10524
4406.9,10531
4407.4,10537
4406.6,10537
4406.6,10530
4406.6,10530
4406.6,10530
4455.5,10505
4456.9,10509
4459.2,10513
4456.8,10519
4458.5,10517
4460.3,10522
4462.9,10520
4460.2,10524
4461.4,10528
4460.9,10533
4461.1,10532
4462.6,10531
4465.9,10530
4473.9,10541
4468,10542
4465.6,10540
4463.6,10543
4464.3,10540
4464.8,10542
4461.9,10549
4457.5,10549
4457.5,10544
4457.5,10544
4481.9,10639
4481,10632
4483.4,10642
4484.2,10647
4484.5,10646
4485.1,10642
4482,10646
4479.7,10652
4478.5,10648
4474.4,10650
4475,10651
4471.5,10657
4467.8,10662
4472.1,10669
4466.3,10685
4466.6,10676
4456.2,10660
4449.9,10661
4450.2,10664
4449.9,10661
4438.2,10665
4438.2,10658
4438.2,10658
4485.9,10647
4483.4,10650
4480.5,10645
4480.2,10638
4483.3,10638
4484.9,10644
4480,10645
4481.2,10632
4478.4,10635
4474.2,10628
4473.9,10621
4469.2,10625
4477.4,10622
4464.7,10634
4466.6,10605
4444.5,10604
4436.9,10544
4430.6,10533
4427.5,10521
4434.2,10516
4439.7,10526
4439.7,10534
4439.7,10534
4544.8,10694
4545.1,10699
4545.7,10698
4544.7,10701
4547.9,10699
4546.1,10705
4546.9,10705
4548.5,10708
4547.7,10715
4550.4,10712
4550.4,10720
4554.6,10723
4553.6,10736
4554.3,10734
4531.6,10729
4527.3,10676
4533.1,10676
4530.8,10686
4530.1,10683
4529.1,10685
4530,10685
4530,10687
4530,10687
4544.8,10721
4541.9,10732
4537.7,10725
4538.7,10717
4540.4,10719
4541.7,10724
4540.6,10726
4540,10726
4544,10729
4546.1,10739
4547.1,10740
4547.7,10742
4553,10741
4549,10762
4553.4,10752
4560,10760
4552.8,10773
4549.8,10748
4557.6,10741
4555.9,10757
4557.7,10750
4557.7,10753
4557.7,10753
4555.6,10738
4556.9,10730
4555.9,10735
4557.6,10737
4554,10739
4543,10728
4541.7,10690
4544.9,10695
4550,10692
4515.8,10713
4501.8,10637
4511.2,10603
4525.8,10623
4519.8,10665
4526.4,10625
4530.5,10650
4540.9,10656
4538.7,10683
4547.5,10683
4543.1,10691
4542.2,10672
4542.2,10675
4542.2,10675
4391.5,10433
4387.2,10429
4391.6,10420
4395.5,10429
4389.2,10438
4389.2,10427
4382.9,10435
4382.6,10426
4381.6,10430
4379.8,10431
4371.8,10435
4367.8,10411
4367.3,10396
4370.2,10387
4376,10397
4381.6,10413
4378,10421
4375.6,10398
4376,10389
4377.2,10380
4370.3,10393
4370.3,10378
4370.3,10378
4393.1,10353
4393.2,10354
4392.7,10355
4395.3,10347
4395.7,10352
4396.4,10352
4396,10360
4393.6,10360
4391,10362
4388.8,10361
4385.2,10359
4384.6,10354
4385.5,10355
4394.1,10354
4391.7,10367
4395.8,10367
4389.8,10368
4390,10362
4393.4,10359
4396.6,10371
4394.2,10378
4394.2,10374
4394.2,10374
4409.5,10428
4411.3,10442
4405.4,10440
4411.6,10432
4410.4,10443
4409.8,10442
4413.7,10444
4414.8,10452
4412.2,10452
4412.5,10448
4410,10448
4407.4,10442
4402.5,10439
4407.9,10427
4403.7,10442
4403.3,10431
4397.4,10431
4399.6,10414
4402.8,10420
4394.2,10422
4388.6,10408
4388.6,10394
4388.6,10394
4418.8,10480
4414.6,10475
4413.4,10468
4414.2,10466
4414.5,10468
4415,10466
4413.8,10459
4416.9,10451
4413.7,10454
4411.9,10447
4417,10424
4413.2,10439
4406.1,10429
4406.5,10405
4415.9,10405
4407.2,10424
4413.4,10419
4414.9,10432
4410.3,10423
4406.7,10403
4407.9,10387
4407.9,10394
4407.9,10394
4384.8,10301
4386.2,10311
4383.4,10310
4383.5,10308
4382.8,10304
4383.4,10302
4379.9,10309
4374.5,10302
4373.1,10295
4373.4,10294
4367.4,10297
4367.4,10276
4374.7,10280
4388.5,10308
4387.8,10343
4384.7,10341
4379.9,10339
4375.9,10321
4383.2,10312
4392.9,10324
4398.7,10345
4398.7,10361
4398.7,10361
4474.4,10513
4476.4,10500
4483.7,10510
4482.6,10519
4488.3,10518
4483.7,10538
4471.8,10529
4462.7,10492
4467.8,10478
4467.1,10491
4463.4,10483
4468.5,10481
4470.8,10491
4474.2,10488
4451.9,10496
4457.7,10411
4452.2,10436
4450.4,10419
4439.1,10412
4443.4,10387
4443.8,10402
4443.8,10406
4443.8,10406
4486.8,10567
4488.9,10556
4493.8,10559
4494.9,10565
4492.2,10568
4499.8,10567
4499.8,10579
4499.8,10575
4500.7,10577
4505.5,10578
4503.6,10592
4506.6,10590
4510.2,10592
4514.8,10608
4504.7,10620
4507.4,10599
4518.5,10603
4514.7,10634
4505.7,10633
4511.2,10617
4503.1,10635
4503.1,10620
4503.1,10620
4477.8,10547
4475.3,10565
4473.2,10556
4475.9,10546
4482.4,10555
4482.8,10573
4477.8,10573
4479.4,10558
4487.5,10554
4492.8,10570
4487.5,10587
4489,10574
4489.7,10575
4494.5,10575
4493.6,10593
4496.2,10586
4496.6,10592
4495.1,10591
4484,10591
4494,10574
4480.1,10595
4480.1,10569
4480.1,10569
4399.3,10389
4393.7,10404
4394.9,10386
4392.7,10389
4386.8,10390
4395.9,10385
4388.4,10402
4384.2,10391
4380.3,10378
4376.1,10372
4378.7,10365
4383.2,10374
4379.7,10380
4376.3,10369
4383.5,10365
4387.4,10382
4397.3,10390
4393.1,10409
4394.5,10396
4402,10400
4405.2,10405
4405.2,10414
4405.2,10414
4448.4,10527
4456,10525
4456.4,10540
4463,10541
4461,10559
4459.9,10548
4464.6,10546
4459.1,10555
4453.1,10541
4456.3,10527
4458,10532
4460.1,10535
4453.8,10534
4456.2,10521
4465.3,10524
4471.1,10541
4466.8,10546
4463.6,10538
4457.9,10525
4445.2,10521
4450.2,10495
4450.2,10504
4450.2,10504
4498.6,10637
4501.4,10618
4506.3,10619
4505.9,10632
4513.9,10626
4511.6,10638
4514.2,10635
4511.6,10629
4510.3,10627
4508.9,10636
4509.2,10641
4511.2,10644
4507.8,10651
4503.9,10642
4507,10626
4504,10627
4509.2,10615
4509.1,10626
4507,10630
4508.5,10622
4508.9,10631
4508.9,10632
4508.9,10632
4507.7,10616
4508,10619
4507.9,10618
4506.4,10621
4504.9,10619
4503.4,10612
4502.9,10610
4511,10609
4512.7,10626
4515.3,10640
4514,10644
4512.6,10642
4512.1,10641
4510.4,10643
4511.8,10643
4519.3,10647
4523.2,10662
4527.1,10662
4525.3,10661
4523.5,10651
4520.3,10652
4520.3,10646
4520.3,10646
4569.6,10797
4568.6,10794
4571.6,10794
4574.2,10804
4572.5,10809
4575.4,10807
4574.1,10810
4571.7,10808
4571.8,10806
4573.8,10806
4571.9,10812
4573.3,10805
4570.8,10808
4575.1,10802
4565.1,10810
4560.7,10796
4552,10792
4555.1,10769
4556.2,10778
4555.8,10772
4552.6,10771
4552.6,10761
4552.6,10761
4557.8,10799
4555.3,10797
4554.4,10794
4555.2,10788
4555.9,10791
4553.7,10794
4558.7,10790
4555.4,10801
4558.6,10797
4556.3,10798
4552.5,10790
4552.5,10782
4552.3,10782
4556.7,10779
4552.1,10797
4544.1,10788
4537.3,10769
4535.7,10763
4534.4,10763
4534.1,10750
4540.8,10748
4540.8,10757
4540.8,10757
4506,10648
4505.7,10646
4504.9,10646
4506,10644
4513.8,10648
4515.2,10670
4521.3,10673
4518.8,10686
4521.3,10675
4519.1,10674
4517,10665
4510.9,10657
4513.8,10648
4512.2,10657
4519.3,10662
4515.6,10672
4521.6,10664
4530.9,10679
4538.5,10702
4536.2,10715
4534.6,10709
4534.6,10710
4534.6,10710
4526.2,10687
4521.9,10714
4522.8,10700
4524.3,10701
4523.4,10706
4527.9,10698
4528.5,10711
4528.3,10711
4527.1,10710
4531.3,10713
4534.3,10719
4530.6,10722
4519.7,10712
4529.4,10690
4519.2,10715
4516.9,10691
4513.9,10687
4512.2,10678
4523.6,10678
4531,10700
4533.6,10715
4533.6,10717
4533.6,10717
4504.5,10658
4501.7,10653
4500.1,10644
4498.7,10647
4502.4,10650
4498.2,10661
4499.3,10648
4498.8,10647
4492.9,10647
4494.1,10617
4490.5,10615
4486.1,10603
4479.3,10588
4490,10583
4491.1,10601
4487.1,10597
4482.4,10585
4475.8,10570
4470.9,10553
4460.6,10540
4470.3,10508
4470.3,10526
4470.3,10526
4455.9,10426
4455.9,10430
4450.7,10432
4444,10423
4448.1,10410
4448.8,10426
4450.3,10425
4450.2,10424
4450.7,10426
4449.4,10428
4449.4,10425
4448.4,10427
4453.5,10429
4448.8,10435
4446.3,10428
4447.9,10422
4451,10429
4452.9,10433
4457.4,10442
4453.4,10450
4461.2,10439
4461.2,10457
4461.2,10457
4455.4,10441
4457.6,10427
4458.7,10432
4459.7,10438
4456.8,10446
4461.5,10439
4458.5,10456
4455.8,10448
4455.5,10446
4453.2,10445
4453,10440
4453.9,10442
4451.9,10440
4447.6,10432
4451.1,10423
4453.6,10432
4458.8,10438
4463.1,10439
4472.8,10451
4474.9,10469
4476.9,10474
4476.9,10482
4476.9,10482
4404.6,10315
4407.5,10320
4411.7,10333
4422.1,10347
4433.8,10369
4445.5,10390
4440.5,10421
4432.1,10411
4437.7,10381
4449.3,10390
4456.6,10413
4472.6,10421
4492.7,10465
4506.2,10509
4490.8,10551
4490.6,10530
4489.9,10524
4503,10525
4520,10558
4536.1,10600
4543.5,10636
4543.5,10646
4543.5,10646
4520.5,10679
4522.3,10687
4521.5,10691
4517.6,10694
4512.1,10685
4509.7,10679
4516.1,10680
4514.4,10691
4514.4,10695
4517,10698
4512,10700
4515.4,10698
4507.6,10704
4513.4,10689
4525.5,10699
4520.8,10717
4523.1,10702
4530.7,10705
4533.9,10721
4539.4,10719
4536.5,10744
4536.5,10735
4536.5,10735
4518.3,10710
4510.3,10691
4508,10679
4509.8,10673
4496.8,10683
4500.9,10651
4492.9,10655
4482.2,10641
4491.5,10621
4485.9,10639
4486.6,10624
4486.3,10620
4496.9,10625
4496.2,10650
4501.7,10653
4503.2,10667
4509.6,10670
4501.9,10679
4505,10673
4506,10666
4501.1,10672
4501.1,10664
4501.1,10664
4507,10650
4503.4,10638
4510.2,10630
4504,10660
4502.1,10644
4503.2,10637
4502.7,10639
4496.7,10639
4498.8,10629
4503.2,10637
4501.4,10641
4503.9,10634
4511.1,10632
4517.8,10642
4516.4,10656
4517.1,10651
4517.7,10654
4518.6,10671
4523.8,10667
4524.1,10682
4527.8,10684
4527.8,10686
4527.8,10686
4528.4,10712
4529.1,10701
4525.4,10712
4519.4,10703
4521.6,10687
4527.2,10688
4530,10694
4525.8,10701
4528.5,10699
4526.9,10706
4529.9,10700
4522.5,10703
4531.7,10697
4539.8,10710
4533.8,10723
4527.1,10709
4528.3,10688
4528,10671
4533.4,10673
4528,10683
4529.6,10676
4529.6,10685
4529.6,10685
4516.4,10603
4518,10607
4512.6,10607
4517.3,10600
4527,10612
4524.5,10631
4522.9,10629
4521.8,10622
4523.4,10617
4524,10616
4526.1,10617
4526.4,10621
4522.1,10622
4522.3,10607
4525.1,10607
4519.1,10616
4509.9,10607
4503.6,10592
4501.8,10572
4506.2,10564
4510.4,10576
4510.4,10583
4510.4,10583
4533.9,10599
4533.1,10588
4532.2,10581
4543.9,10580
4537.2,10604
4537.9,10590
4535.8,10590
4543.4,10582
4536.8,10603
4537.4,10587
4535.6,10580
4532.6,10576
4529.9,10574
4529.6,10568
4539,10569
4545,10587
4547.6,10592
4550,10601
4546.1,10613
4549.9,10598
4551.5,10609
4551.5,10620
4551.5,10620
4570.8,10651
4579.1,10637
4583.5,10657
4582.3,10659
4583.6,10654
4578.2,10655
4578.5,10642
4576.7,10641
4579.3,10633
4585.2,10644
4591.8,10654
4584.6,10661
4586.8,10652
4583,10649
4587,10647
4581.5,10655
4586.5,10645
4589.4,10652
4594.5,10655
4580.8,10667
4578.3,10634
4578.3,10640
4578.3,10640
4551.7,10558
4550.1,10564
4543.2,10555
4545.2,10528
4552,10535
4552.3,10549
4550.6,10546
4554.6,10541
4560.8,10544
4566.6,10553
4567.9,10564
4569,10564
4564.3,10567
4566.6,10549
4561.4,10557
4559.6,10539
4552.7,10530
4557.4,10513
4555.5,10517
4554.2,10516
4560.6,10515
4560.6,10534
4560.6,10534
4579,10675
4578.3,10673
4577,10678
4569.2,10677
4566.7,10654
4565.9,10664
4564.9,10660
4557.5,10655
4559.6,10642
4556.9,10652
4552.6,10658
4555.5,10648
4562.8,10645
4571.5,10647
4569.6,10678
4572.4,10689
4564.3,10685
4571.7,10670
4571.4,10690
4575.8,10689
4574.3,10697
4574.3,10685
4574.3,10685
4597.7,10708
4595.1,10725
4584.8,10722
4588.1,10706
4591.4,10702
4593.8,10709
4594.6,10709
4602.4,10711
4603.3,10725
4602.3,10721
4603.4,10713
4602.4,10714
4597.6,10719
4601.3,10721
4610,10731
4615.1,10738
4626.9,10731
4632,10762
4629,10771
4636.5,10769
4631.9,10780
4631.9,10775
4631.9,10775
4673.9,10939
4672.2,10935
4671.7,10936
4669.5,10936
4669.8,10930
4671.9,10934
4665.5,10940
4662.5,10928
4663.6,10916
4664.2,10921
4666.1,10920
4665.9,10924
4673.8,10930
4673.8,10950
4680.9,10947
4680.2,10976
4680.8,10976
4682.9,10973
4683.5,10969
4688.8,10976
4694.7,10979
4694.7,10987
4694.7,10987
4706.4,11021
4709.7,11028
4709.1,11034
4709.1,11038
4712.4,11044
4723.3,11052
4715.4,11080
4718.8,11067
4729.3,11071
4742.4,11106
4735.6,11150
4730.9,11143
4729.6,11141
4730.6,11131
4726.6,11142
4728.9,11142
4726.9,11156
4731.7,11158
4740.7,11180
4742.3,11191
4735.5,11186
4735.5,11179
4735.5,11179
4762,11179
4765.1,11183
4769.2,11188
4769.1,11198
4769.5,11197
4764.3,11195
4767,11181
4766.1,11189
4764.4,11187
4762.3,11179
4758.2,11178
4756.8,11167
4763.1,11171
4771.3,11181
4764.5,11208
4764.2,11186
4767.6,11185
4765.2,11191
4765.4,11191
4760.8,11189
4760.8,11184
4760.8,11190
4760.8,11190
4792.2,11272
4789.2,11271
4790.2,11259
4789.2,11257
4791.2,11260
4791.3,11260
4789,11267
4788.5,11264
4783.9,11264
4783.7,11244
4783.8,11246
4785.1,11249
4800.7,11263
4797.1,11294
4793.5,11274
4799.1,11279
4794.5,11288
4799.7,11274
4791.8,11286
4807.1,11269
4803.9,11295
4803.9,11285
4803.9,11285
4776.4,11254
4779.4,11259
4782.5,11257
4786.4,11261
4784.7,11265
4785.1,11262
4783.2,11260
4777.6,11260
4770.8,11251
4778.9,11236
4776.2,11252
4778.5,11248
4778.6,11257
4775.7,11269
4774.4,11267
4779.1,11255
4781.4,11269
4778.5,11266
4766,11263
4776.2,11245
4769.2,11266
4769.2,11245
4769.2,11245
4814.5,11318
4801.8,11331
4799.1,11317
4792.7,11314
4796.3,11300
4796.7,11303
4796.5,11298
4795.6,11294
4796.8,11280
4798,11286
4799.4,11290
4792.9,11299
4802.7,11290
4809.5,11305
4809,11318
4813.4,11318
4821.2,11331
4821.2,11354
4826.6,11353
4824.9,11368
4819.2,11377
4819.2,11366
4819.2,11366
4822.7,11401
4825.9,11401
4823.9,11406
4825.2,11399
4827.2,11403
4826,11405
4823.3,11405
4825.7,11397
4820.7,11404
4822.3,11403
4820.9,11410
4823.7,11404
4823.5,11409
4824.4,11407
4825.7,11413
4823,11409
4827.8,11403
4820.5,11413
4819.4,11409
4822.2,11411
4822.8,11415
4822.8,11427
4822.8,11427
4838.2,11431
4841,11431
4843.1,11434
4842.4,11442
4849.6,11439
4846.8,11451
4848,11446
4846.4,11451
4843.6,11450
4845.7,11450
4845.4,11453
4845.2,11449
4845.3,11451
4845.5,11458
4846.4,11452
4843.2,11453
4846.1,11451
4849.7,11455
4848.9,11459
4851.7,11462
4849.9,11469
4849.9,11465
4849.9,11465
4827.7,11460
4822.9,11464
4824.8,11453
4822.6,11458
4823,11453
4826.3,11452
4827.8,11460
4827.2,11459
4827,11457
4826.3,11461
4825.6,11459
4826.4,11459
4827.7,11460
4827.7,11463
4831.4,11462
4830.3,11460
4829.9,11463
4829.8,11461
4827.2,11464
4832.2,11456
4833.8,11468
4833.8,11469
4833.8,11469
4846.3,11470
4845.9,11471
4846.6,11470
4846.3,11468
4845.8,11467
4846.4,11469
4846.1,11469
4847.4,11472
4848.1,11471
4847.9,11471
4847.8,11473
4847.1,11473
4846.1,11474
4844.6,11469
4843.6,11467
4844.6,11464
4842.3,11468
4841.5,11464
4841.1,11463
4844.6,11463
4848,11471
4848,11475
4848,11475
4839.4,11443
4840.9,11445
4841.4,11447
4842.5,11449
4843.1,11449
4843.1,11451
4840.6,11450
4839.9,11449
4840.9,11449
4840.1,11446
4840.1,11446
4836.4,11448
4840.1,11446
4838.9,11454
4838.1,11450
4841.9,11450
4837.6,11452
4831.8,11446
4832.5,11436
4833.2,11441
4838.5,11441
4838.5,11451
4838.5,11451
